LocalTimestamp,EmotiBitTimestamp,PacketNumber,DataLength,TypeTag,ProtocolVersion,DataReliability,T1
1671000910.089627,19196.000,480,1,T1,1,100,29.039
1671000910.224138,19329.000,487,1,T1,1,100,29.017
1671000910.357637,19461.000,496,1,T1,1,100,29.043
1671000910.490125,19592.000,509,1,T1,1,100,29.054
1671000910.622613,19723.000,516,1,T1,1,100,29.023
1671000910.756112,19855.000,527,1,T1,1,100,29.010
1671000910.889611,19987.000,540,1,T1,1,100,29.040
1671000911.022099,20118.000,548,1,T1,1,100,29.017
1671000911.155598,20250.000,556,1,T1,1,100,29.078
1671000911.289098,20382.000,563,1,T1,1,100,29.069
1671000911.421586,20513.000,577,1,T1,1,100,28.995
1671000911.555085,20645.000,585,1,T1,1,100,29.069
1671000911.688584,20777.000,593,1,T1,1,100,28.888
1671000911.822083,20909.000,608,1,T1,1,100,28.987
1671000911.953560,21039.000,616,1,T1,1,100,28.923
1671000912.086048,21170.000,624,1,T1,1,100,28.967
1671000912.219547,21302.000,637,1,T1,1,100,28.986
1671000912.353046,21434.000,646,1,T1,1,100,28.994
1671000912.487557,21567.000,653,1,T1,1,100,28.997
1671000912.621056,21699.000,661,1,T1,1,100,29.034
1671000912.754555,21831.000,677,1,T1,1,100,29.015
1671000912.886032,21961.000,684,1,T1,1,100,29.148
1671000913.019531,22093.000,693,1,T1,1,100,29.135
1671000913.153030,22225.000,706,1,T1,1,100,29.094
1671000913.285518,22356.000,713,1,T1,1,100,29.147
1671000913.418006,22487.000,722,1,T1,1,100,28.993
1671000913.552517,22620.000,735,1,T1,1,100,29.032
1671000913.686016,22752.000,743,1,T1,1,100,29.014
1671000913.819515,22884.000,753,1,T1,1,100,29.006
1671000913.953014,23016.000,760,1,T1,1,100,29.038
1671000914.084491,23146.000,774,1,T1,1,100,29.052
1671000914.216979,23277.000,782,1,T1,1,100,28.987
1671000914.348455,23407.000,790,1,T1,1,100,28.959
1671000914.481955,23539.000,803,1,T1,1,100,28.982
1671000914.615454,23671.000,811,1,T1,1,100,29.063
1671000914.749964,23804.000,821,1,T1,1,100,29.027
1671000914.882452,23935.000,834,1,T1,1,100,29.012
1671000915.014940,24066.000,843,1,T1,1,100,29.076
1671000915.148439,24198.000,853,1,T1,1,100,29.068
1671000915.281939,24330.000,867,1,T1,1,100,29.065
1671000915.415438,24462.000,875,1,T1,1,100,29.028
1671000915.546915,24592.000,882,1,T1,1,100,29.048
1671000915.680414,24724.000,898,1,T1,1,100,29.021
1671000915.814924,24857.000,906,1,T1,1,100,29.044
1671000915.948424,24989.000,913,1,T1,1,100,29.090
1671000916.081923,25121.000,927,1,T1,1,100,29.039
1671000916.215422,25253.000,935,1,T1,1,100,29.088
1671000916.346899,25383.000,943,1,T1,1,100,29.038
1671000916.480398,25515.000,951,1,T1,1,100,29.158
1671000916.612886,25646.000,965,1,T1,1,100,29.068
1671000916.746385,25778.000,974,1,T1,1,100,29.065
1671000916.880896,25911.000,982,1,T1,1,100,28.993
1671000917.012372,26041.000,996,1,T1,1,100,28.997
1671000917.145871,26173.000,1003,1,T1,1,100,29.034
1671000917.279371,26305.000,1011,1,T1,1,100,29.015
1671000917.412870,26437.000,1025,1,T1,1,100,29.042
1671000917.545358,26568.000,1032,1,T1,1,100,29.054
1671000917.676834,26698.000,1041,1,T1,1,100,29.023
1671000917.808311,26828.000,1050,1,T1,1,100,29.045
1671000917.941810,26960.000,1064,1,T1,1,100,29.126
1671000918.076321,27093.000,1072,1,T1,1,100,29.125
1671000918.209820,27225.000,1079,1,T1,1,100,29.125
1671000918.343319,27357.000,1093,1,T1,1,100,29.054
1671000918.475807,27488.000,1101,1,T1,1,100,29.023
1671000918.609306,27620.000,1108,1,T1,1,100,29.081
1671000918.741794,27751.000,1124,1,T1,1,100,29.035
1671000918.875293,27883.000,1132,1,T1,1,100,29.051
1671000919.007782,28014.000,1140,1,T1,1,100,29.022
1671000919.141281,28146.000,1148,1,T1,1,100,29.045
1671000919.274780,28278.000,1162,1,T1,1,100,28.984
1671000919.408279,28410.000,1169,1,T1,1,100,29.099
1671000919.541778,28542.000,1177,1,T1,1,100,29.114
1671000919.675278,28674.000,1193,1,T1,1,100,29.120
1671000919.808777,28806.000,1200,1,T1,1,100,29.123
1671000919.939242,28935.000,1208,1,T1,1,100,28.982
1671000920.072741,29067.000,1216,1,T1,1,100,29.028
1671000920.207252,29200.000,1229,1,T1,1,100,29.012
1671000920.340751,29332.000,1238,1,T1,1,100,29.041
1671000920.473239,29463.000,1250,1,T1,1,100,28.947
1671000920.605727,29594.000,1264,1,T1,1,100,29.048
1671000920.739226,29726.000,1274,1,T1,1,100,28.985
1671000920.872725,29858.000,1281,1,T1,1,100,29.029
1671000921.005213,29989.000,1295,1,T1,1,100,29.048
1671000921.138713,30121.000,1303,1,T1,1,100,29.056
1671000921.272212,30253.000,1310,1,T1,1,100,29.095
1671000921.404700,30384.000,1319,1,T1,1,100,29.112
1671000921.538199,30516.000,1332,1,T1,1,100,29.155
1671000921.671698,30648.000,1340,1,T1,1,100,29.032
1671000921.805197,30780.000,1350,1,T1,1,100,29.120
1671000921.936674,30910.000,1364,1,T1,1,100,29.052
1671000922.069162,31041.000,1371,1,T1,1,100,29.022
1671000922.202661,31173.000,1379,1,T1,1,100,29.010
1671000922.336160,31305.000,1393,1,T1,1,100,28.969
1671000922.470671,31438.000,1400,1,T1,1,100,28.951
1671000922.602148,31568.000,1408,1,T1,1,100,28.872
1671000922.735647,31700.000,1424,1,T1,1,100,29.087
1671000922.868135,31831.000,1431,1,T1,1,100,28.967
1671000923.001634,31963.000,1440,1,T1,1,100,29.021
1671000923.135133,32095.000,1447,1,T1,1,100,29.009
1671000923.267621,32226.000,1461,1,T1,1,100,29.075
1671000923.400109,32357.000,1469,1,T1,1,100,28.997
1671000923.534620,32490.000,1476,1,T1,1,100,28.928
1671000923.668119,32622.000,1485,1,T1,1,100,29.040
1671000923.801618,32754.000,1500,1,T1,1,100,28.946
1671000923.935117,32886.000,1507,1,T1,1,100,28.977
1671000924.066594,33016.000,1516,1,T1,1,100,28.919
1671000924.200093,33148.000,1523,1,T1,1,100,28.965
1671000924.332581,33279.000,1537,1,T1,1,100,29.056
1671000924.466080,33411.000,1545,1,T1,1,100,29.166
1671000924.599580,33543.000,1552,1,T1,1,100,29.107
1671000924.734090,33676.000,1568,1,T1,1,100,29.046
1671000924.866578,33807.000,1576,1,T1,1,100,29.056
1671000924.999066,33938.000,1584,1,T1,1,100,29.024
1671000925.132565,34070.000,1597,1,T1,1,100,29.010
1671000925.266064,34202.000,1605,1,T1,1,100,29.004
1671000925.398552,34333.000,1613,1,T1,1,100,29.073
1671000925.530029,34463.000,1621,1,T1,1,100,28.961
1671000925.663528,34595.000,1642,1,T1,1,100,28.983
1671000925.798039,34728.000,1649,1,T1,1,100,29.028
1671000925.931538,34860.000,1657,1,T1,1,100,29.012
1671000926.065037,34992.000,1671,1,T1,1,100,29.005
1671000926.196514,35122.000,1678,1,T1,1,100,29.002
1671000926.327990,35252.000,1690,1,T1,1,100,29.036
1671000926.461489,35384.000,1703,1,T1,1,100,29.051
1671000926.593977,35515.000,1710,1,T1,1,100,29.129
1671000926.727477,35647.000,1721,1,T1,1,100,29.056
1671000926.861987,35780.000,1728,1,T1,1,100,29.024
1671000926.993464,35910.000,1742,1,T1,1,100,29.010
1671000927.126963,36042.000,1750,1,T1,1,100,29.075
1671000927.260462,36174.000,1757,1,T1,1,100,28.962
1671000927.393961,36306.000,1771,1,T1,1,100,28.948
1671000927.526449,36437.000,1779,1,T1,1,100,28.977
1671000927.657926,36567.000,1787,1,T1,1,100,28.990
1671000927.791425,36699.000,1802,1,T1,1,100,29.067
1671000927.924924,36831.000,1810,1,T1,1,100,29.029
1671000928.059435,36964.000,1818,1,T1,1,100,29.083
1671000928.192934,37096.000,1826,1,T1,1,100,28.930
1671000928.326434,37228.000,1840,1,T1,1,100,29.111
1671000928.458921,37359.000,1847,1,T1,1,100,28.942
1671000928.592421,37491.000,1855,1,T1,1,100,28.975
1671000928.724909,37622.000,1871,1,T1,1,100,29.025
1671000928.858408,37754.000,1878,1,T1,1,100,28.904
1671000928.990896,37885.000,1887,1,T1,1,100,28.994
1671000929.124395,38017.000,1900,1,T1,1,100,28.927
1671000929.257894,38149.000,1907,1,T1,1,100,29.004
1671000929.391393,38281.000,1916,1,T1,1,100,28.966
1671000929.524893,38413.000,1929,1,T1,1,100,29.056
1671000929.657381,38544.000,1937,1,T1,1,100,29.095
1671000929.790880,38676.000,1947,1,T1,1,100,28.970
1671000929.921345,38805.000,1954,1,T1,1,100,28.987
1671000930.054844,38937.000,1968,1,T1,1,100,28.924
1671000930.189355,39070.000,1976,1,T1,1,100,29.002
1671000930.322854,39202.000,1984,1,T1,1,100,28.966
1671000930.455342,39333.000,1997,1,T1,1,100,28.914
1671000930.587830,39464.000,2005,1,T1,1,100,29.034
1671000930.721329,39596.000,2015,1,T1,1,100,28.979
1671000930.854828,39728.000,2028,1,T1,1,100,29.062
1671000930.987316,39859.000,2042,1,T1,1,100,28.991
1671000931.118793,39989.000,2049,1,T1,1,100,29.103
1671000931.252292,40121.000,2057,1,T1,1,100,29.044
1671000931.386803,40254.000,2071,1,T1,1,100,29.055
1671000931.520302,40386.000,2078,1,T1,1,100,29.024
1671000931.653801,40518.000,2087,1,T1,1,100,29.010
1671000931.787301,40650.000,2102,1,T1,1,100,28.969
1671000931.918777,40780.000,2109,1,T1,1,100,28.951
1671000932.051265,40911.000,2118,1,T1,1,100,28.979
1671000932.184764,41043.000,2125,1,T1,1,100,28.955
1671000932.318263,41175.000,2139,1,T1,1,100,28.981
1671000932.452774,41308.000,2147,1,T1,1,100,29.027
1671000932.584250,41438.000,2154,1,T1,1,100,29.012
1671000932.717750,41570.000,2170,1,T1,1,100,29.041
1671000932.851249,41702.000,2178,1,T1,1,100,28.982
1671000932.984748,41834.000,2186,1,T1,1,100,29.063
1671000933.118248,41966.000,2199,1,T1,1,100,28.992
1671000933.250736,42097.000,2207,1,T1,1,100,29.067
1671000933.383223,42228.000,2215,1,T1,1,100,28.994
1671000933.517734,42361.000,2228,1,T1,1,100,28.997
1671000933.651233,42493.000,2237,1,T1,1,100,29.034
1671000933.784732,42625.000,2246,1,T1,1,100,28.979
1671000933.918232,42757.000,2254,1,T1,1,100,28.956
1671000934.049708,42887.000,2268,1,T1,1,100,29.052
1671000934.183208,43019.000,2275,1,T1,1,100,28.987
1671000934.315695,43150.000,2284,1,T1,1,100,28.994
1671000934.449195,43282.000,2297,1,T1,1,100,29.068
1671000934.582694,43414.000,2304,1,T1,1,100,29.065
1671000934.715182,43545.000,2315,1,T1,1,100,28.957
1671000934.847670,43676.000,2328,1,T1,1,100,29.052
1671000934.980158,43807.000,2336,1,T1,1,100,28.987
1671000935.113657,43939.000,2344,1,T1,1,100,28.959
1671000935.247156,44071.000,2351,1,T1,1,100,28.947
1671000935.380655,44203.000,2365,1,T1,1,100,29.012
1671000935.512132,44333.000,2373,1,T1,1,100,28.970
1671000935.645631,44465.000,2381,1,T1,1,100,28.916
1671000935.780142,44598.000,2396,1,T1,1,100,28.999
1671000935.913641,44730.000,2410,1,T1,1,100,28.929
1671000936.047140,44862.000,2417,1,T1,1,100,29.076
1671000936.178617,44992.000,2425,1,T1,1,100,29.068
1671000936.312116,45124.000,2439,1,T1,1,100,29.065
1671000936.445615,45256.000,2446,1,T1,1,100,29.064
1671000936.578103,45387.000,2454,1,T1,1,100,29.027
1671000936.711602,45519.000,2470,1,T1,1,100,29.083
1671000936.846113,45652.000,2477,1,T1,1,100,29.000
1671000936.977589,45782.000,2486,1,T1,1,100,29.036
1671000937.111089,45914.000,2493,1,T1,1,100,29.051
1671000937.244588,46046.000,2509,1,T1,1,100,29.057
1671000937.378087,46178.000,2518,1,T1,1,100,29.060
1671000937.510575,46309.000,2525,1,T1,1,100,29.062
1671000937.642052,46439.000,2541,1,T1,1,100,29.062
1671000937.775551,46571.000,2549,1,T1,1,100,29.098
1671000937.909050,46703.000,2556,1,T1,1,100,29.078
1671000938.043561,46836.000,2570,1,T1,1,100,28.998
1671000938.176049,46967.000,2578,1,T1,1,100,28.999
1671000938.308537,47098.000,2586,1,T1,1,100,28.964
1671000938.441024,47229.000,2599,1,T1,1,100,29.020
1671000938.574524,47361.000,2607,1,T1,1,100,29.009
1671000938.707011,47492.000,2617,1,T1,1,100,29.004
1671000938.840511,47624.000,2625,1,T1,1,100,29.037
1671000938.972999,47755.000,2639,1,T1,1,100,28.910
1671000939.106498,47887.000,2646,1,T1,1,100,28.996
1671000939.239997,48019.000,2654,1,T1,1,100,29.105
1671000939.373497,48151.000,2668,1,T1,1,100,29.010
1671000939.506996,48283.000,2675,1,T1,1,100,29.075
1671000939.638472,48413.000,2684,1,T1,1,100,28.997
1671000939.771971,48545.000,2699,1,T1,1,100,29.070
1671000939.904459,48676.000,2706,1,T1,1,100,28.995
1671000940.037959,48808.000,2715,1,T1,1,100,28.998
1671000940.172469,48941.000,2722,1,T1,1,100,29.070
1671000940.305969,49073.000,2736,1,T1,1,100,28.959
1671000940.438456,49204.000,2744,1,T1,1,100,28.947
1671000940.570944,49335.000,2751,1,T1,1,100,28.906
1671000940.704443,49467.000,2767,1,T1,1,100,28.995
1671000940.837943,49599.000,2775,1,T1,1,100,28.962
1671000940.970431,49730.000,2783,1,T1,1,100,29.090
1671000941.101907,49860.000,2801,1,T1,1,100,29.110
1671000941.235406,49992.000,2809,1,T1,1,100,29.012
1671000941.369917,50125.000,2817,1,T1,1,100,29.005
1671000941.503416,50257.000,2825,1,T1,1,100,29.002
1671000941.636915,50389.000,2841,1,T1,1,100,29.036
1671000941.770415,50521.000,2848,1,T1,1,100,29.016
1671000941.901891,50651.000,2856,1,T1,1,100,28.971
1671000942.035391,50783.000,2870,1,T1,1,100,28.917
1671000942.168890,50915.000,2877,1,T1,1,100,28.928
1671000942.302389,51047.000,2886,1,T1,1,100,29.005
1671000942.436900,51180.000,2899,1,T1,1,100,28.966
1671000942.568376,51310.000,2906,1,T1,1,100,29.056
1671000942.701875,51442.000,2917,1,T1,1,100,29.060
1671000942.835375,51574.000,2930,1,T1,1,100,29.026
1671000942.968874,51706.000,2938,1,T1,1,100,28.976
1671000943.102373,51838.000,2946,1,T1,1,100,29.060
1671000943.232838,51967.000,2953,1,T1,1,100,28.991
1671000943.366338,52099.000,2967,1,T1,1,100,28.996
1671000943.500848,52232.000,2975,1,T1,1,100,29.034
1671000943.634347,52364.000,2983,1,T1,1,100,28.908
1671000943.767847,52496.000,2998,1,T1,1,100,28.960
1671000943.901346,52628.000,3006,1,T1,1,100,28.947
1671000944.032823,52758.000,3014,1,T1,1,100,28.906
1671000944.166322,52890.000,3027,1,T1,1,100,29.030
1671000944.298810,53021.000,3036,1,T1,1,100,29.049
1671000944.432309,53153.000,3043,1,T1,1,100,29.021
1671000944.565808,53285.000,3051,1,T1,1,100,28.974
1671000944.698296,53416.000,3067,1,T1,1,100,28.989
1671000944.831795,53548.000,3074,1,T1,1,100,28.960
1671000944.965295,53680.000,3083,1,T1,1,100,28.912
1671000945.098794,53812.000,3096,1,T1,1,100,28.926
1671000945.232293,53944.000,3103,1,T1,1,100,28.862
1671000945.364781,54075.000,3112,1,T1,1,100,28.940
1671000945.496258,54205.000,3125,1,T1,1,100,28.868
1671000945.629757,54337.000,3133,1,T1,1,100,28.943
1671000945.764267,54470.000,3143,1,T1,1,100,29.011
1671000945.897767,54602.000,3150,1,T1,1,100,29.005
1671000946.031266,54734.000,3164,1,T1,1,100,29.108
1671000946.162742,54864.000,3172,1,T1,1,100,29.082
1671000946.296242,54996.000,3185,1,T1,1,100,29.036
1671000946.429741,55128.000,3193,1,T1,1,100,28.980
1671000946.562229,55259.000,3206,1,T1,1,100,29.027
1671000946.694717,55390.000,3216,1,T1,1,100,29.012
1671000946.829227,55523.000,3224,1,T1,1,100,29.005
1671000946.960704,55653.000,3238,1,T1,1,100,28.896
1671000947.094203,55785.000,3245,1,T1,1,100,28.919
1671000947.227702,55917.000,3253,1,T1,1,100,28.965
1671000947.361202,56049.000,3267,1,T1,1,100,28.949
1671000947.493689,56180.000,3274,1,T1,1,100,29.049
1671000947.625166,56310.000,3283,1,T1,1,100,29.021
1671000947.758665,56442.000,3298,1,T1,1,100,29.009
1671000947.892164,56574.000,3305,1,T1,1,100,28.969
1671000948.026675,56707.000,3314,1,T1,1,100,29.093
1671000948.159163,56838.000,3321,1,T1,1,100,29.040
1671000948.291651,56969.000,3338,1,T1,1,100,29.017
1671000948.425150,57101.000,3346,1,T1,1,100,28.972
1671000948.558649,57233.000,3353,1,T1,1,100,28.952
1671000948.691137,57364.000,3369,1,T1,1,100,29.050
1671000948.824636,57496.000,3377,1,T1,1,100,29.022
1671000948.957124,57627.000,3385,1,T1,1,100,29.009
1671000949.090624,57759.000,3398,1,T1,1,100,29.004
1671000949.224123,57891.000,3406,1,T1,1,100,29.108
1671000949.357622,58023.000,3414,1,T1,1,100,29.011
1671000949.491121,58155.000,3422,1,T1,1,100,28.969
1671000949.622598,58285.000,3438,1,T1,1,100,28.951
1671000949.756097,58417.000,3445,1,T1,1,100,28.979
1671000949.888585,58548.000,3453,1,T1,1,100,28.991
1671000950.022084,58680.000,3467,1,T1,1,100,29.032
1671000950.156595,58813.000,3474,1,T1,1,100,28.943
1671000950.288071,58943.000,3483,1,T1,1,100,28.940
1671000950.420559,59074.000,3496,1,T1,1,100,28.868
1671000950.553047,59205.000,3503,1,T1,1,100,28.943
1671000950.686547,59337.000,3514,1,T1,1,100,28.940
1671000950.820046,59469.000,3521,1,T1,1,100,29.009
1671000950.952533,59600.000,3535,1,T1,1,100,29.040
1671000951.084010,59730.000,3543,1,T1,1,100,29.017
1671000951.217509,59862.000,3550,1,T1,1,100,29.043
1671000951.352020,59995.000,3564,1,T1,1,100,28.983
1671000951.485519,60127.000,3577,1,T1,1,100,29.028
1671000951.619019,60259.000,3585,1,T1,1,100,28.906
1671000951.751506,60390.000,3600,1,T1,1,100,29.066
1671000951.885006,60522.000,3609,1,T1,1,100,28.957
1671000952.017493,60653.000,3616,1,T1,1,100,28.982
1671000952.150993,60785.000,3624,1,T1,1,100,28.921
1671000952.284492,60917.000,3638,1,T1,1,100,28.966
1671000952.419003,61050.000,3645,1,T1,1,100,28.985
1671000952.550479,61180.000,3653,1,T1,1,100,28.923
1671000952.683978,61312.000,3669,1,T1,1,100,29.108
1671000952.817478,61444.000,3676,1,T1,1,100,29.047
1671000952.950977,61576.000,3685,1,T1,1,100,29.056
1671000953.084476,61708.000,3692,1,T1,1,100,29.024
1671000953.214941,61837.000,3706,1,T1,1,100,28.940
1671000953.348441,61969.000,3714,1,T1,1,100,28.938
1671000953.482951,62102.000,3721,1,T1,1,100,29.009
1671000953.616450,62234.000,3737,1,T1,1,100,28.968
1671000953.749950,62366.000,3745,1,T1,1,100,28.844
1671000953.883449,62498.000,3752,1,T1,1,100,28.933
1671000954.014925,62628.000,3766,1,T1,1,100,28.900
1671000954.148425,62760.000,3774,1,T1,1,100,28.886
1671000954.280913,62891.000,3782,1,T1,1,100,28.951
1671000954.414412,63023.000,3795,1,T1,1,100,29.014
1671000954.547911,63155.000,3803,1,T1,1,100,28.971
1671000954.680399,63286.000,3813,1,T1,1,100,28.952
1671000954.813898,63418.000,3821,1,T1,1,100,29.086
1671000954.947397,63550.000,3835,1,T1,1,100,28.966
1671000955.080897,63682.000,3842,1,T1,1,100,29.021
1671000955.212373,63812.000,3850,1,T1,1,100,29.009
1671000955.344861,63943.000,3864,1,T1,1,100,29.004
1671000955.477349,64074.000,3871,1,T1,1,100,28.931
1671000955.610848,64206.000,3880,1,T1,1,100,28.935
1671000955.745359,64339.000,3895,1,T1,1,100,28.972
1671000955.878858,64471.000,3902,1,T1,1,100,28.917
1671000956.012357,64603.000,3911,1,T1,1,100,29.035
1671000956.143834,64733.000,3918,1,T1,1,100,29.086
1671000956.277333,64865.000,3932,1,T1,1,100,29.002
1671000956.410832,64997.000,3940,1,T1,1,100,29.001
1671000956.543320,65128.000,3947,1,T1,1,100,29.036
1671000956.675808,65259.000,3961,1,T1,1,100,29.015
1671000956.810319,65392.000,3971,1,T1,1,100,28.971
1671000956.943818,65524.000,3985,1,T1,1,100,28.952
1671000957.077317,65656.000,3992,1,T1,1,100,28.908
1671000957.210817,65788.000,4000,1,T1,1,100,28.854
1671000957.344316,65920.000,4014,1,T1,1,100,28.866
1671000957.476804,66051.000,4021,1,T1,1,100,28.836
1671000957.608280,66181.000,4030,1,T1,1,100,28.858
1671000957.741780,66313.000,4039,1,T1,1,100,28.903
1671000957.875279,66445.000,4053,1,T1,1,100,28.958
1671000958.009789,66578.000,4061,1,T1,1,100,29.088
1671000958.142277,66709.000,4068,1,T1,1,100,28.967
1671000958.274765,66840.000,4082,1,T1,1,100,28.950
1671000958.408264,66972.000,4090,1,T1,1,100,28.908
1671000958.541764,67104.000,4097,1,T1,1,100,28.889
1671000958.674252,67235.000,4113,1,T1,1,100,28.917
1671000958.805728,67365.000,4121,1,T1,1,100,28.893
1671000958.938216,67496.000,4129,1,T1,1,100,28.812
1671000959.071715,67628.000,4137,1,T1,1,100,28.919
1671000959.205215,67760.000,4151,1,T1,1,100,28.894
1671000959.338714,67892.000,4161,1,T1,1,100,28.954
1671000959.472213,68024.000,4169,1,T1,1,100,28.945
1671000959.603689,68154.000,4176,1,T1,1,100,29.012
1671000959.737189,68286.000,4192,1,T1,1,100,28.934
1671000959.869677,68417.000,4200,1,T1,1,100,29.007
1671000960.003176,68549.000,4208,1,T1,1,100,29.003
1671000960.137686,68682.000,4221,1,T1,1,100,28.930
1671000960.269163,68812.000,4230,1,T1,1,100,28.970
1671000960.402662,68944.000,4237,1,T1,1,100,29.093
1671000960.536161,69076.000,4251,1,T1,1,100,28.969
1671000960.669661,69208.000,4261,1,T1,1,100,28.916
1671000960.803160,69340.000,4268,1,T1,1,100,28.964
1671000960.935648,69471.000,4282,1,T1,1,100,28.984
1671000961.067124,69601.000,4290,1,T1,1,100,28.993
1671000961.200624,69733.000,4297,1,T1,1,100,29.033
1671000961.335134,69866.000,4306,1,T1,1,100,29.014
1671000961.468634,69998.000,4319,1,T1,1,100,29.006
1671000961.602133,70130.000,4327,1,T1,1,100,29.003
1671000961.734621,70261.000,4337,1,T1,1,100,29.001
1671000961.868120,70393.000,4356,1,T1,1,100,28.930
1671000962.001619,70525.000,4363,1,T1,1,100,28.934
1671000962.135118,70657.000,4371,1,T1,1,100,29.007
1671000962.267606,70788.000,4379,1,T1,1,100,28.932
1671000962.401106,70920.000,4392,1,T1,1,100,28.971
1671000962.532582,71050.000,4400,1,T1,1,100,28.881
1671000962.666081,71182.000,4410,1,T1,1,100,28.948
1671000962.799581,71314.000,4423,1,T1,1,100,28.907
1671000962.933080,71446.000,4432,1,T1,1,100,28.995
1671000963.066579,71578.000,4439,1,T1,1,100,28.998
1671000963.197044,71707.000,4447,1,T1,1,100,28.999
1671000963.330544,71839.000,4461,1,T1,1,100,29.035
1671000963.465054,71972.000,4468,1,T1,1,100,29.015
1671000963.598553,72104.000,4477,1,T1,1,100,29.007
1671000963.731041,72235.000,4492,1,T1,1,100,28.967
1671000963.863529,72366.000,4499,1,T1,1,100,28.986
1671000963.997028,72498.000,4508,1,T1,1,100,28.958
1671000964.130528,72630.000,4521,1,T1,1,100,28.982
1671000964.263016,72761.000,4529,1,T1,1,100,29.028
1671000964.396515,72893.000,4537,1,T1,1,100,28.977
1671000964.530014,73025.000,4551,1,T1,1,100,28.919
1671000964.662502,73156.000,4560,1,T1,1,100,28.965
1671000964.796001,73288.000,4568,1,T1,1,100,29.056
1671000964.929500,73420.000,4576,1,T1,1,100,29.060
1671000965.063000,73552.000,4589,1,T1,1,100,28.955
1671000965.194476,73682.000,4597,1,T1,1,100,28.910
1671000965.326964,73813.000,4605,1,T1,1,100,28.961
1671000965.460463,73945.000,4618,1,T1,1,100,28.983
1671000965.593963,74077.000,4627,1,T1,1,100,28.922
1671000965.728473,74210.000,4636,1,T1,1,100,28.860
1671000965.861973,74342.000,4650,1,T1,1,100,28.797
1671000965.995472,74474.000,4658,1,T1,1,100,28.877
1671000966.126948,74604.000,4665,1,T1,1,100,28.947
1671000966.260448,74736.000,4673,1,T1,1,100,29.012
1671000966.393947,74868.000,4687,1,T1,1,100,29.041
1671000966.526435,74999.000,4694,1,T1,1,100,28.982
1671000966.658922,75130.000,4705,1,T1,1,100,28.992
1671000966.793433,75263.000,4718,1,T1,1,100,28.855
1671000966.926932,75395.000,4732,2,T1,1,100,28.937
1671000967.060432,75527.000,4732,2,T1,1,100,28.973
1671000967.193931,75659.000,4746,1,T1,1,100,28.882
1671000967.325408,75789.000,4753,1,T1,1,100,28.843
1671000967.458907,75921.000,4761,1,T1,1,100,28.896
1671000967.590383,76051.000,4777,1,T1,1,100,28.849
1671000967.723882,76183.000,4784,1,T1,1,100,28.935
1671000967.857382,76315.000,4792,1,T1,1,100,29.078
1671000967.991892,76448.000,4800,1,T1,1,100,28.998
1671000968.124380,76579.000,4813,1,T1,1,100,29.035
1671000968.256868,76710.000,4822,1,T1,1,100,29.015
1671000968.390367,76842.000,4829,1,T1,1,100,29.042
1671000968.523867,76974.000,4843,1,T1,1,100,28.947
1671000968.656354,77105.000,4853,1,T1,1,100,28.977
1671000968.787831,77235.000,4860,1,T1,1,100,28.919
1671000968.921330,77367.000,4874,1,T1,1,100,28.894
1671000969.055841,77500.000,4882,1,T1,1,100,28.883
1671000969.189340,77632.000,4889,1,T1,1,100,28.914
1671000969.322839,77764.000,4898,1,T1,1,100,28.892
1671000969.456339,77896.000,4911,1,T1,1,100,28.953
1671000969.587815,78026.000,4919,1,T1,1,100,28.944
1671000969.721314,78158.000,4929,1,T1,1,100,29.011
1671000969.853802,78289.000,4943,1,T1,1,100,29.040
1671000969.987302,78421.000,4950,1,T1,1,100,29.017
1671000970.121812,78554.000,4958,1,T1,1,100,28.972
1671000970.253289,78684.000,4975,1,T1,1,100,29.023
1671000970.386788,78816.000,4982,1,T1,1,100,28.939
1671000970.520287,78948.000,4990,1,T1,1,100,28.938
1671000970.653786,79080.000,4998,1,T1,1,100,28.938
1671000970.786274,79211.000,5013,1,T1,1,100,28.973
1671000970.917751,79341.000,5022,1,T1,1,100,28.988
1671000971.049227,79471.000,5029,1,T1,1,100,28.960
1671000971.182727,79603.000,5043,1,T1,1,100,29.053
1671000971.317237,79736.000,5051,1,T1,1,100,28.988
1671000971.450737,79868.000,5058,1,T1,1,100,28.995
1671000971.584236,80000.000,5074,1,T1,1,100,28.927
1671000971.716724,80131.000,5082,1,T1,1,100,28.968
1671000971.850223,80263.000,5089,1,T1,1,100,28.915
1671000971.982711,80394.000,5098,1,T1,1,100,28.963
1671000972.116210,80526.000,5116,1,T1,1,100,28.913
1671000972.248698,80657.000,5124,1,T1,1,100,28.856
1671000972.382197,80789.000,5132,1,T1,1,100,28.867
1671000972.515697,80921.000,5146,1,T1,1,100,28.942
1671000972.649196,81053.000,5155,1,T1,1,100,28.904
1671000972.782695,81185.000,5163,1,T1,1,100,28.994
1671000972.916194,81317.000,5170,1,T1,1,100,28.926
1671000973.049693,81449.000,5184,1,T1,1,100,29.004
1671000973.180159,81578.000,5192,1,T1,1,100,29.037
1671000973.313658,81710.000,5200,1,T1,1,100,29.051
1671000973.448169,81843.000,5213,1,T1,1,100,29.022
1671000973.581668,81975.000,5222,1,T1,1,100,28.974
1671000973.714156,82106.000,5231,1,T1,1,100,28.953
1671000973.846643,82237.000,5245,1,T1,1,100,28.909
1671000973.980143,82369.000,5253,1,T1,1,100,28.854
1671000974.113642,82501.000,5260,1,T1,1,100,28.866
1671000974.246130,82632.000,5268,1,T1,1,100,28.871
1671000974.378618,82763.000,5282,1,T1,1,100,28.944
1671000974.512117,82895.000,5289,1,T1,1,100,28.905
1671000974.644605,83026.000,5300,1,T1,1,100,28.959
1671000974.778104,83158.000,5313,1,T1,1,100,28.876
1671000974.911603,83290.000,5321,1,T1,1,100,28.875
1671000975.045103,83422.000,5329,1,T1,1,100,28.875
1671000975.176579,83552.000,5343,1,T1,1,100,28.946
1671000975.309067,83683.000,5350,1,T1,1,100,28.977
1671000975.442566,83815.000,5358,1,T1,1,100,28.990
1671000975.576066,83947.000,5365,1,T1,1,100,29.067
1671000975.710576,84080.000,5381,1,T1,1,100,28.958
1671000975.842053,84210.000,5389,1,T1,1,100,28.982
1671000975.975552,84342.000,5397,1,T1,1,100,28.992
1671000976.109051,84474.000,5410,1,T1,1,100,28.961
1671000976.242550,84606.000,5419,1,T1,1,100,28.948
1671000976.376050,84738.000,5426,1,T1,1,100,28.977
1671000976.508538,84869.000,5440,1,T1,1,100,29.061
1671000976.641026,85000.000,5450,1,T1,1,100,28.920
1671000976.775536,85133.000,5457,1,T1,1,100,28.965
1671000976.909035,85265.000,5465,1,T1,1,100,28.914
1671000977.042535,85397.000,5479,1,T1,1,100,28.963
1671000977.176034,85529.000,5486,1,T1,1,100,28.842
1671000977.307510,85659.000,5500,1,T1,1,100,28.861
1671000977.441010,85791.000,5507,1,T1,1,100,28.833
1671000977.573498,85922.000,5516,1,T1,1,100,28.963
1671000977.706997,86054.000,5525,1,T1,1,100,28.984
1671000977.840496,86186.000,5539,1,T1,1,100,28.958
1671000977.975007,86319.000,5547,1,T1,1,100,28.982
1671000978.107495,86450.000,5554,1,T1,1,100,28.886
1671000978.239982,86581.000,5568,1,T1,1,100,28.915
1671000978.373482,86713.000,5576,1,T1,1,100,28.892
1671000978.506981,86845.000,5583,1,T1,1,100,28.953
1671000978.639469,86976.000,5594,1,T1,1,100,28.944
1671000978.770945,87106.000,5607,1,T1,1,100,28.870
1671000978.904444,87238.000,5615,1,T1,1,100,28.837
1671000979.038955,87371.000,5623,1,T1,1,100,28.859
1671000979.172454,87503.000,5637,1,T1,1,100,28.868
1671000979.305954,87635.000,5644,1,T1,1,100,28.872
1671000979.437430,87765.000,5652,1,T1,1,100,28.909
1671000979.568907,87895.000,5660,1,T1,1,100,28.996
1671000979.702406,88027.000,5675,1,T1,1,100,28.927
1671000979.834894,88158.000,5683,1,T1,1,100,28.969
1671000979.968393,88290.000,5691,1,T1,1,100,28.986
1671000980.102904,88423.000,5704,1,T1,1,100,28.923
1671000980.234380,88553.000,5713,1,T1,1,100,28.931
1671000980.367880,88685.000,5720,1,T1,1,100,28.970
1671000980.501379,88817.000,5734,1,T1,1,100,28.845
1671000980.634878,88949.000,5744,1,T1,1,100,28.933
1671000980.767366,89080.000,5751,1,T1,1,100,28.829
1671000980.898842,89210.000,5759,1,T1,1,100,28.855
1671000981.032342,89342.000,5773,1,T1,1,100,28.902
1671000981.165841,89474.000,5780,1,T1,1,100,28.993
1671000981.300352,89607.000,5792,1,T1,1,100,28.926
1671000981.433851,89739.000,5799,1,T1,1,100,28.897
1671000981.567350,89871.000,5815,1,T1,1,100,28.955
1671000981.699838,90002.000,5823,1,T1,1,100,28.910
1671000981.833337,90134.000,5830,1,T1,1,100,28.961
1671000981.965825,90265.000,5844,1,T1,1,100,28.841
1671000982.099324,90397.000,5852,1,T1,1,100,28.967
1671000982.231812,90528.000,5860,1,T1,1,100,28.879
1671000982.365311,90660.000,5873,1,T1,1,100,28.841
1671000982.498811,90792.000,5886,1,T1,1,100,28.860
1671000982.632310,90924.000,5896,1,T1,1,100,28.798
1671000982.765809,91056.000,5904,1,T1,1,100,28.842
1671000982.897286,91186.000,5918,1,T1,1,100,28.861
1671000983.030785,91318.000,5925,1,T1,1,100,28.904
1671000983.161250,91447.000,5933,1,T1,1,100,28.959
1671000983.294749,91579.000,5947,1,T1,1,100,28.982
1671000983.429260,91712.000,5954,1,T1,1,100,28.957
1671000983.562759,91844.000,5963,1,T1,1,100,28.910
1671000983.695247,91975.000,5978,1,T1,1,100,28.890
1671000983.827735,92106.000,5985,1,T1,1,100,28.953
1671000983.961234,92238.000,5994,1,T1,1,100,29.015
1671000984.094733,92370.000,6001,1,T1,1,100,28.794
1671000984.227221,92501.000,6015,1,T1,1,100,28.840
1671000984.358698,92631.000,6023,1,T1,1,100,28.824
1671000984.492197,92763.000,6030,1,T1,1,100,28.924
1671000984.626708,92896.000,6046,1,T1,1,100,28.861
1671000984.760207,93028.000,6054,1,T1,1,100,28.869
1671000984.893706,93160.000,6062,1,T1,1,100,28.837
1671000985.027205,93292.000,6075,1,T1,1,100,28.894
1671000985.158682,93422.000,6083,1,T1,1,100,28.954
1671000985.292181,93554.000,6091,1,T1,1,100,28.909
1671000985.425681,93686.000,6099,1,T1,1,100,28.996
1671000985.559180,93818.000,6115,1,T1,1,100,28.963
1671000985.693691,93951.000,6122,1,T1,1,100,28.948
1671000985.825167,94081.000,6130,1,T1,1,100,28.942
1671000985.958666,94213.000,6144,1,T1,1,100,28.975
1671000986.092165,94345.000,6151,1,T1,1,100,28.954
1671000986.225665,94477.000,6160,1,T1,1,100,28.874
1671000986.359164,94609.000,6173,1,T1,1,100,28.945
1671000986.490641,94739.000,6180,1,T1,1,100,28.941
1671000986.623128,94870.000,6191,1,T1,1,100,28.868
1671000986.757639,95003.000,6198,1,T1,1,100,28.907
1671000986.891138,95135.000,6212,1,T1,1,100,28.995
1671000987.024637,95267.000,6220,1,T1,1,100,28.821
1671000987.158137,95399.000,6227,1,T1,1,100,28.887
1671000987.289613,95529.000,6241,1,T1,1,100,28.880
1671000987.423113,95661.000,6249,1,T1,1,100,28.806
1671000987.555600,95792.000,6257,1,T1,1,100,28.845
1671000987.689100,95924.000,6272,1,T1,1,100,28.933
1671000987.822599,96056.000,6280,1,T1,1,100,28.865
1671000987.955087,96187.000,6288,1,T1,1,100,28.941
1671000988.088586,96319.000,6301,1,T1,1,100,29.046
1671000988.222085,96451.000,6310,1,T1,1,100,29.055
1671000988.355585,96583.000,6317,1,T1,1,100,28.953
1671000988.489084,96715.000,6331,1,T1,1,100,28.909
1671000988.621572,96846.000,6341,1,T1,1,100,28.996
1671000988.753048,96976.000,6348,1,T1,1,100,28.892
1671000988.886548,97108.000,6356,1,T1,1,100,28.918
1671000989.021058,97241.000,6370,1,T1,1,100,28.894
1671000989.154557,97373.000,6377,1,T1,1,100,28.848
1671000989.288057,97505.000,6386,1,T1,1,100,28.828
1671000989.419533,97635.000,6399,1,T1,1,100,28.925
1671000989.553032,97767.000,6407,1,T1,1,100,28.968
1671000989.686532,97899.000,6417,1,T1,1,100,28.951
1671000989.819020,98030.000,6431,1,T1,1,100,29.014
1671000989.952519,98162.000,6438,1,T1,1,100,28.935
1671000990.087029,98295.000,6446,1,T1,1,100,29.007
1671000990.218506,98425.000,6453,1,T1,1,100,28.968
1671000990.352005,98557.000,6467,1,T1,1,100,28.880
1671000990.485504,98689.000,6475,1,T1,1,100,28.877
1671000990.619004,98821.000,6485,1,T1,1,100,28.840
1671000990.751492,98952.000,6498,1,T1,1,100,28.966
1671000990.882968,99082.000,6507,1,T1,1,100,28.879
1671000991.016467,99214.000,6514,1,T1,1,100,28.948
1671000991.149967,99346.000,6528,1,T1,1,100,28.871
1671000991.284477,99479.000,6536,1,T1,1,100,28.873
1671000991.416965,99610.000,6543,1,T1,1,100,28.910
1671000991.549453,99741.000,6559,1,T1,1,100,28.961
1671000991.681941,99872.000,6567,1,T1,1,100,28.877
1671000991.815440,100004.000,6574,1,T1,1,100,28.876
1671000991.947928,100135.000,6583,1,T1,1,100,28.911
1671000992.081427,100267.000,6596,1,T1,1,100,28.890
1671000992.213915,100398.000,6604,1,T1,1,100,28.917
1671000992.347414,100530.000,6615,1,T1,1,100,28.822
1671000992.480914,100662.000,6629,1,T1,1,100,28.923
1671000992.614413,100794.000,6638,1,T1,1,100,28.825
1671000992.747912,100926.000,6646,1,T1,1,100,28.924
1671000992.879389,101056.000,6659,1,T1,1,100,28.896
1671000993.012888,101188.000,6672,1,T1,1,100,28.884
1671000993.145376,101319.000,6680,1,T1,1,100,28.914
1671000993.278875,101451.000,6688,1,T1,1,100,28.928
1671000993.413386,101584.000,6701,1,T1,1,100,28.898
1671000993.546885,101716.000,6710,1,T1,1,100,28.849
1671000993.679373,101847.000,6719,1,T1,1,100,28.899
1671000993.811861,101978.000,6733,1,T1,1,100,28.886
1671000993.945360,102110.000,6741,1,T1,1,100,28.880
1671000994.078859,102242.000,6748,1,T1,1,100,28.912
1671000994.211347,102373.000,6756,1,T1,1,100,28.891
1671000994.342824,102503.000,6770,1,T1,1,100,28.882
1671000994.476323,102635.000,6777,1,T1,1,100,28.878
1671000994.610833,102768.000,6788,1,T1,1,100,28.947
1671000994.744333,102900.000,6801,1,T1,1,100,28.800
1671000994.877832,103032.000,6809,1,T1,1,100,28.913
1671000995.010320,103163.000,6817,1,T1,1,100,28.963
1671000995.141796,103293.000,6831,1,T1,1,100,28.984
1671000995.274284,103424.000,6838,1,T1,1,100,28.958
1671000995.407784,103556.000,6846,1,T1,1,100,28.875
1671000995.541283,103688.000,6853,1,T1,1,100,28.946
1671000995.675793,103821.000,6869,1,T1,1,100,28.835
1671000995.807270,103951.000,6877,1,T1,1,100,28.964
1671000995.940769,104083.000,6885,1,T1,1,100,28.878
1671000996.074268,104215.000,6898,1,T1,1,100,28.876
1671000996.207768,104347.000,6907,1,T1,1,100,28.876
1671000996.341267,104479.000,6914,1,T1,1,100,28.911
1671000996.471732,104608.000,6928,1,T1,1,100,28.890
1671000996.605231,104740.000,6938,1,T1,1,100,28.953
1671000996.739742,104873.000,6945,1,T1,1,100,28.944
1671000996.873241,105005.000,6953,1,T1,1,100,29.011
1671000997.006741,105137.000,6967,1,T1,1,100,28.898
1671000997.140240,105269.000,6974,1,T1,1,100,28.956
1671000997.271716,105399.000,6983,1,T1,1,100,28.910
1671000997.405216,105531.000,6996,1,T1,1,100,28.997
1671000997.537704,105662.000,7004,1,T1,1,100,28.857
1671000997.671203,105794.000,7014,1,T1,1,100,28.938
1671000997.804702,105926.000,7028,1,T1,1,100,28.831
1671000997.937190,106057.000,7041,1,T1,1,100,28.892
1671000998.070689,106189.000,7048,1,T1,1,100,28.953
1671000998.204188,106321.000,7057,1,T1,1,100,29.015
1671000998.337687,106453.000,7064,1,T1,1,100,29.007
1671000998.470176,106584.000,7078,1,T1,1,100,29.003
1671000998.603675,106716.000,7088,1,T1,1,100,28.966
1671000998.735151,106846.000,7095,1,T1,1,100,28.914
1671000998.868650,106978.000,7103,1,T1,1,100,28.927
1671000999.003161,107111.000,7117,1,T1,1,100,28.969
1671000999.136660,107243.000,7124,1,T1,1,100,28.774
1671000999.270159,107375.000,7133,1,T1,1,100,28.831
1671000999.401636,107505.000,7146,1,T1,1,100,28.856
1671000999.535135,107637.000,7154,1,T1,1,100,28.902
1671000999.668635,107769.000,7164,1,T1,1,100,28.922
1671000999.801122,107900.000,7178,1,T1,1,100,29.002
1671000999.933610,108031.000,7185,1,T1,1,100,28.965
1671001000.068121,108164.000,7193,1,T1,1,100,28.985
1671001000.201620,108296.000,7200,1,T1,1,100,29.100
1671001000.335119,108428.000,7214,1,T1,1,100,29.008
1671001000.468619,108560.000,7222,1,T1,1,100,28.968
1671001000.602118,108692.000,7232,1,T1,1,100,28.844
1671001000.734606,108823.000,7245,1,T1,1,100,28.826
1671001000.866082,108953.000,7254,1,T1,1,100,28.818
1671001000.999582,109085.000,7261,1,T1,1,100,28.851
1671001001.133081,109217.000,7275,1,T1,1,100,28.935
1671001001.267591,109350.000,7283,1,T1,1,100,28.866
1671001001.400079,109481.000,7290,1,T1,1,100,28.942
1671001001.532567,109612.000,7306,1,T1,1,100,28.904
1671001001.666067,109744.000,7314,1,T1,1,100,28.923
1671001001.799566,109876.000,7321,1,T1,1,100,28.967
1671001001.932054,110007.000,7330,1,T1,1,100,29.021
1671001002.065553,110139.000,7343,1,T1,1,100,29.009
1671001002.198041,110270.000,7351,1,T1,1,100,28.862
1671001002.331540,110402.000,7359,1,T1,1,100,28.834
1671001002.465039,110534.000,7373,1,T1,1,100,28.751
1671001002.598539,110666.000,7382,1,T1,1,100,28.750
1671001002.732038,110798.000,7390,1,T1,1,100,28.750
1671001002.863514,110928.000,7404,1,T1,1,100,28.856
1671001002.997014,111060.000,7411,1,T1,1,100,28.902
1671001003.129502,111191.000,7419,1,T1,1,100,28.816
1671001003.263001,111323.000,7432,1,T1,1,100,28.920
1671001003.397511,111456.000,7448,1,T1,1,100,28.930
1671001003.528988,111586.000,7457,1,T1,1,100,28.970
1671001003.661476,111717.000,7466,1,T1,1,100,28.881
1671001003.793964,111848.000,7480,1,T1,1,100,28.913
1671001003.927463,111980.000,7488,1,T1,1,100,28.856
1671001004.060962,112112.000,7495,1,T1,1,100,28.831
1671001004.193450,112243.000,7509,1,T1,1,100,28.927
1671001004.324927,112373.000,7517,1,T1,1,100,28.862
1671001004.458426,112505.000,7524,1,T1,1,100,28.869
1671001004.592937,112638.000,7533,1,T1,1,100,28.943
1671001004.726436,112770.000,7548,1,T1,1,100,28.940
1671001004.859935,112902.000,7556,1,T1,1,100,28.974
1671001004.992423,113033.000,7564,1,T1,1,100,28.953
1671001005.125922,113165.000,7578,1,T1,1,100,28.909
1671001005.258410,113296.000,7585,1,T1,1,100,28.819
1671001005.391909,113428.000,7593,1,T1,1,100,28.922
1671001005.525409,113560.000,7609,1,T1,1,100,28.966
1671001005.659919,113693.000,7616,1,T1,1,100,28.914
1671001005.791396,113823.000,7624,1,T1,1,100,28.963
1671001005.924895,113955.000,7638,1,T1,1,100,28.949
1671001006.058394,114087.000,7645,1,T1,1,100,28.942
1671001006.191893,114219.000,7654,1,T1,1,100,28.904
1671001006.325393,114351.000,7661,1,T1,1,100,28.959
1671001006.455858,114480.000,7675,1,T1,1,100,28.876
1671001006.589357,114612.000,7685,1,T1,1,100,28.946
1671001006.723868,114745.000,7692,1,T1,1,100,28.977
1671001006.857367,114877.000,7706,1,T1,1,100,28.848
1671001006.989855,115008.000,7714,1,T1,1,100,28.934
1671001007.123354,115140.000,7721,1,T1,1,100,28.901
1671001007.254831,115270.000,7735,1,T1,1,100,28.851
1671001007.388330,115402.000,7743,1,T1,1,100,28.900
1671001007.520818,115533.000,7751,1,T1,1,100,28.886
1671001007.654317,115665.000,7761,1,T1,1,100,28.915
1671001007.787816,115797.000,7775,1,T1,1,100,28.857
1671001007.920304,115928.000,7782,1,T1,1,100,28.938
1671001008.053803,116060.000,7790,1,T1,1,100,28.938
1671001008.187303,116192.000,7804,1,T1,1,100,28.938
1671001008.320802,116324.000,7816,1,T1,1,100,28.973
1671001008.452278,116454.000,7825,1,T1,1,100,29.024
1671001008.584766,116585.000,7834,1,T1,1,100,28.939
1671001008.718266,116717.000,7842,1,T1,1,100,28.867
1671001008.851765,116849.000,7856,1,T1,1,100,28.943
1671001008.986275,116982.000,7863,1,T1,1,100,28.869
1671001009.119775,117114.000,7871,1,T1,1,100,28.801
1671001009.253274,117246.000,7879,1,T1,1,100,28.808
1671001009.384750,117376.000,7892,1,T1,1,100,28.846
1671001009.518250,117508.000,7901,1,T1,1,100,28.862
1671001009.651749,117640.000,7910,1,T1,1,100,28.799
1671001009.784237,117771.000,7924,1,T1,1,100,28.913
1671001009.916725,117902.000,7932,1,T1,1,100,28.998
1671001010.051235,118035.000,7939,1,T1,1,100,28.999
1671001010.184735,118167.000,7953,1,T1,1,100,28.929
1671001010.318234,118299.000,7961,1,T1,1,100,28.898
1671001010.451733,118431.000,7968,1,T1,1,100,28.850
1671001010.585232,118563.000,7984,1,T1,1,100,28.864
1671001010.717720,118694.000,7992,1,T1,1,100,28.870
1671001010.849197,118824.000,8000,1,T1,1,100,28.837
1671001010.982696,118956.000,8008,1,T1,1,100,28.859
1671001011.116195,119088.000,8022,1,T1,1,100,28.939
1671001011.250706,119221.000,8029,1,T1,1,100,28.903
1671001011.383194,119352.000,8037,1,T1,1,100,28.852
1671001011.515682,119483.000,8053,1,T1,1,100,28.865
1671001011.649181,119615.000,8060,1,T1,1,100,28.835
1671001011.782680,119747.000,8068,1,T1,1,100,28.787
1671001011.916179,119879.000,8076,1,T1,1,100,28.801
1671001012.047656,120009.000,8089,1,T1,1,100,28.843
1671001012.180144,120140.000,8098,1,T1,1,100,28.826
1671001012.313643,120272.000,8105,1,T1,1,100,28.854
1671001012.447142,120404.000,8119,1,T1,1,100,28.795
1671001012.580642,120536.000,8129,1,T1,1,100,28.805
1671001012.714141,120668.000,8136,1,T1,1,100,28.951
1671001012.845617,120798.000,8150,1,T1,1,100,28.943
1671001012.979117,120930.000,8158,1,T1,1,100,28.834
1671001013.111604,121061.000,8165,1,T1,1,100,28.893
1671001013.245104,121193.000,8174,1,T1,1,100,28.847
1671001013.379614,121326.000,8187,1,T1,1,100,28.898
1671001013.512102,121457.000,8201,2,T1,1,100,28.921
1671001013.644590,121588.000,8201,2,T1,1,100,28.895
1671001013.778089,121720.000,8217,1,T1,1,100,28.848
1671001013.911589,121852.000,8224,1,T1,1,100,28.899
1671001014.045088,121984.000,8232,1,T1,1,100,28.921
1671001014.177576,122115.000,8239,1,T1,1,100,28.966
1671001014.309052,122245.000,8256,1,T1,1,100,28.843
1671001014.442552,122377.000,8264,1,T1,1,100,28.826
1671001014.577062,122510.000,8274,1,T1,1,100,28.818
1671001014.710561,122642.000,8282,1,T1,1,100,28.815
1671001014.844061,122774.000,8296,1,T1,1,100,28.884
1671001014.976548,122905.000,8303,1,T1,1,100,28.808
1671001015.110048,123037.000,8311,1,T1,1,100,28.846
1671001015.243547,123169.000,8325,1,T1,1,100,28.827
1671001015.377046,123301.000,8332,1,T1,1,100,28.890
1671001015.509534,123432.000,8341,1,T1,1,100,28.775
1671001015.643034,123564.000,8356,1,T1,1,100,28.796
1671001015.774510,123694.000,8363,1,T1,1,100,28.876
1671001015.908009,123826.000,8372,1,T1,1,100,28.876
1671001016.041508,123958.000,8385,1,T1,1,100,28.946
1671001016.175008,124090.000,8393,1,T1,1,100,28.906
1671001016.308507,124222.000,8401,1,T1,1,100,28.924
1671001016.438972,124351.000,8408,1,T1,1,100,28.861
1671001016.572471,124483.000,8424,1,T1,1,100,28.869
1671001016.706982,124616.000,8432,1,T1,1,100,28.801
1671001016.840481,124748.000,8440,1,T1,1,100,28.772
1671001016.972969,124879.000,8453,1,T1,1,100,28.831
1671001017.105457,125010.000,8461,1,T1,1,100,28.856
1671001017.238956,125142.000,8469,1,T1,1,100,28.867
1671001017.372456,125274.000,8482,1,T1,1,100,28.836
1671001017.504943,125405.000,8491,1,T1,1,100,28.823
1671001017.638443,125537.000,8500,1,T1,1,100,28.852
1671001017.771942,125669.000,8508,1,T1,1,100,28.936
1671001017.904430,125800.000,8522,1,T1,1,100,28.866
1671001018.037929,125932.000,8529,1,T1,1,100,28.907
1671001018.171428,126064.000,8538,1,T1,1,100,28.853
1671001018.304928,126196.000,8551,1,T1,1,100,28.830
1671001018.436404,126326.000,8558,1,T1,1,100,28.785
1671001018.569903,126458.000,8569,1,T1,1,100,28.836
1671001018.703403,126590.000,8588,2,T1,1,100,28.823
1671001018.836902,126722.000,8588,2,T1,1,100,28.781
1671001018.971412,126855.000,8596,1,T1,1,100,28.728
1671001019.104912,126987.000,8610,1,T1,1,100,28.811
1671001019.238411,127119.000,8617,1,T1,1,100,28.848
1671001019.369887,127249.000,8625,1,T1,1,100,28.828
1671001019.503387,127381.000,8641,1,T1,1,100,28.890
1671001019.636886,127513.000,8648,1,T1,1,100,28.881
1671001019.769374,127644.000,8656,1,T1,1,100,28.984
1671001019.901862,127775.000,8664,1,T1,1,100,28.922
1671001020.036372,127908.000,8677,1,T1,1,100,28.860
1671001020.169872,128040.000,8686,1,T1,1,100,28.833
1671001020.303371,128172.000,8693,1,T1,1,100,28.786
1671001020.436870,128304.000,8707,1,T1,1,100,28.801
1671001020.568347,128434.000,8717,1,T1,1,100,28.772
1671001020.701846,128566.000,8724,1,T1,1,100,28.760
1671001020.833322,128696.000,8733,1,T1,1,100,28.790
1671001020.966822,128828.000,8746,1,T1,1,100,28.909
1671001021.100321,128960.000,8753,1,T1,1,100,28.819
1671001021.234832,129093.000,8762,1,T1,1,100,28.957
1671001021.367319,129224.000,8775,1,T1,1,100,28.946
1671001021.499807,129355.000,8783,1,T1,1,100,28.870
1671001021.633307,129487.000,8793,1,T1,1,100,28.873
1671001021.766806,129619.000,8807,1,T1,1,100,28.874
1671001021.900305,129751.000,8814,1,T1,1,100,28.875
1671001022.031782,129881.000,8822,1,T1,1,100,28.839
1671001022.165281,130013.000,8830,1,T1,1,100,28.824
1671001022.299791,130146.000,8843,1,T1,1,100,28.818
1671001022.433291,130278.000,8851,1,T1,1,100,28.850
1671001022.566790,130410.000,8861,1,T1,1,100,28.793
1671001022.700289,130542.000,8874,1,T1,1,100,28.804
1671001022.831766,130672.000,8883,1,T1,1,100,28.844
1671001022.965265,130804.000,8890,1,T1,1,100,28.933
1671001023.097753,130935.000,8904,1,T1,1,100,28.794
1671001023.231252,131067.000,8912,1,T1,1,100,28.946
1671001023.365763,131200.000,8919,1,T1,1,100,28.835
1671001023.497239,131330.000,8928,1,T1,1,100,28.858
1671001023.630738,131462.000,8943,1,T1,1,100,28.867
1671001023.764238,131594.000,8950,1,T1,1,100,28.730
1671001023.897737,131726.000,8959,1,T1,1,100,28.919
1671001024.030225,131857.000,8977,1,T1,1,100,28.823
1671001024.161701,131987.000,8985,1,T1,1,100,28.782
1671001024.293178,132117.000,8993,1,T1,1,100,28.728
1671001024.426677,132249.000,9007,1,T1,1,100,28.882
1671001024.561188,132382.000,9016,1,T1,1,100,28.878
1671001024.694687,132514.000,9024,1,T1,1,100,28.912
1671001024.828186,132646.000,9031,1,T1,1,100,28.891
1671001024.960674,132777.000,9045,1,T1,1,100,28.988
1671001025.094173,132909.000,9053,1,T1,1,100,28.924
1671001025.226661,133040.000,9061,1,T1,1,100,28.861
1671001025.360161,133172.000,9077,1,T1,1,100,28.833
1671001025.492648,133303.000,9086,1,T1,1,100,28.857
1671001025.626148,133435.000,9095,1,T1,1,100,28.867
1671001025.759647,133567.000,9109,1,T1,1,100,28.872
1671001025.893146,133699.000,9117,1,T1,1,100,28.909
1671001026.026645,133831.000,9124,1,T1,1,100,28.819
1671001026.160145,133963.000,9132,1,T1,1,100,28.886
1671001026.293644,134095.000,9146,1,T1,1,100,28.880
1671001026.424109,134224.000,9153,1,T1,1,100,28.877
1671001026.557608,134356.000,9164,1,T1,1,100,28.840
1671001026.692119,134489.000,9177,1,T1,1,100,28.789
1671001026.825618,134621.000,9185,1,T1,1,100,28.802
1671001026.958106,134752.000,9193,1,T1,1,100,28.808
1671001027.090594,134883.000,9207,1,T1,1,100,28.811
1671001027.224093,135015.000,9214,1,T1,1,100,28.776
1671001027.357593,135147.000,9222,1,T1,1,100,28.868
1671001027.490080,135278.000,9229,1,T1,1,100,28.907
1671001027.621557,135408.000,9245,1,T1,1,100,28.818
1671001027.755056,135540.000,9253,1,T1,1,100,28.779
1671001027.887544,135671.000,9261,1,T1,1,100,28.834
