LocalTimestamp,EmotiBitTimestamp,PacketNumber,DataLength,TypeTag,ProtocolVersion,DataReliability,TH
1671000909.970287,19078.000,470,1,TH,1,100,22.907
1671000910.103786,19210.000,481,1,TH,1,100,22.907
1671000910.237285,19342.000,488,1,TH,1,100,22.851
1671000910.370785,19474.000,497,1,TH,1,100,22.851
1671000910.502261,19604.000,510,1,TH,1,100,22.928
1671000910.635760,19736.000,517,1,TH,1,100,22.928
1671000910.769260,19868.000,528,1,TH,1,100,22.992
1671000910.902759,20000.000,541,1,TH,1,100,22.992
1671000911.036258,20132.000,549,1,TH,1,100,22.905
1671000911.169757,20264.000,557,1,TH,1,100,22.897
1671000911.303257,20396.000,564,1,TH,1,100,22.990
1671000911.434733,20526.000,578,1,TH,1,100,22.990
1671000911.568232,20658.000,586,1,TH,1,100,22.985
1671000911.701732,20790.000,594,1,TH,1,100,22.985
1671000911.835231,20922.000,609,1,TH,1,100,22.911
1671000911.966707,21052.000,617,1,TH,1,100,22.910
1671000912.100207,21184.000,625,1,TH,1,100,22.956
1671000912.233706,21316.000,638,1,TH,1,100,22.956
1671000912.367205,21448.000,647,1,TH,1,100,22.921
1671000912.500704,21580.000,654,1,TH,1,100,22.921
1671000912.634204,21712.000,668,1,TH,1,100,23.078
1671000912.766691,21843.000,678,1,TH,1,100,23.078
1671000912.899179,21974.000,685,1,TH,1,100,23.105
1671000913.032679,22106.000,694,1,TH,1,100,23.098
1671000913.166178,22238.000,707,1,TH,1,100,23.108
1671000913.299677,22370.000,714,1,TH,1,100,23.108
1671000913.432165,22501.000,723,1,TH,1,100,23.082
1671000913.565664,22633.000,736,1,TH,1,100,23.082
1671000913.699164,22765.000,744,1,TH,1,100,23.015
1671000913.832663,22897.000,754,1,TH,1,100,23.015
1671000913.966162,23029.000,768,1,TH,1,100,22.954
1671000914.097639,23159.000,775,1,TH,1,100,22.954
1671000914.230126,23290.000,783,1,TH,1,100,23.031
1671000914.362614,23421.000,791,1,TH,1,100,23.024
1671000914.496114,23553.000,804,1,TH,1,100,23.093
1671000914.629613,23685.000,812,1,TH,1,100,23.093
1671000914.763112,23817.000,822,1,TH,1,100,23.098
1671000914.894589,23947.000,835,1,TH,1,100,23.098
1671000915.028088,24079.000,844,1,TH,1,100,23.048
1671000915.161587,24211.000,854,1,TH,1,100,23.048
1671000915.295086,24343.000,868,1,TH,1,100,23.112
1671000915.429597,24476.000,876,1,TH,1,100,23.112
1671000915.561074,24606.000,883,1,TH,1,100,23.138
1671000915.694573,24738.000,899,1,TH,1,100,23.138
1671000915.828072,24870.000,907,1,TH,1,100,23.009
1671000915.961571,25002.000,914,1,TH,1,100,23.008
1671000916.095071,25134.000,928,1,TH,1,100,23.080
1671000916.228570,25266.000,936,1,TH,1,100,23.080
1671000916.360046,25396.000,944,1,TH,1,100,23.143
1671000916.493546,25528.000,952,1,TH,1,100,23.144
1671000916.627045,25660.000,966,1,TH,1,100,23.141
1671000916.760544,25792.000,975,1,TH,1,100,23.134
1671000916.894043,25924.000,983,1,TH,1,100,23.134
1671000917.025520,26054.000,997,1,TH,1,100,23.134
1671000917.159019,26186.000,1004,1,TH,1,100,23.166
1671000917.292518,26318.000,1012,1,TH,1,100,23.166
1671000917.426018,26450.000,1026,1,TH,1,100,23.102
1671000917.558506,26581.000,1033,1,TH,1,100,23.102
1671000917.690993,26712.000,1042,1,TH,1,100,23.200
1671000917.822470,26842.000,1051,1,TH,1,100,23.200
1671000917.955969,26974.000,1065,1,TH,1,100,23.169
1671000918.089468,27106.000,1073,1,TH,1,100,23.168
1671000918.222968,27238.000,1080,1,TH,1,100,23.184
1671000918.356467,27370.000,1094,1,TH,1,100,23.184
1671000918.488955,27501.000,1102,1,TH,1,100,23.203
1671000918.622454,27633.000,1109,1,TH,1,100,23.203
1671000918.755953,27765.000,1125,1,TH,1,100,23.264
1671000918.889452,27897.000,1133,1,TH,1,100,23.264
1671000919.021940,28028.000,1141,1,TH,1,100,23.227
1671000919.154428,28159.000,1149,1,TH,1,100,23.220
1671000919.287928,28291.000,1163,1,TH,1,100,23.151
1671000919.421427,28423.000,1170,1,TH,1,100,23.150
1671000919.554926,28555.000,1178,1,TH,1,100,23.235
1671000919.688425,28687.000,1194,1,TH,1,100,23.235
1671000919.821925,28819.000,1201,1,TH,1,100,23.283
1671000919.953401,28949.000,1209,1,TH,1,100,23.283
1671000920.086900,29081.000,1223,1,TH,1,100,23.315
1671000920.220400,29213.000,1230,1,TH,1,100,23.315
1671000920.353899,29345.000,1239,1,TH,1,100,23.313
1671000920.485375,29475.000,1251,1,TH,1,100,23.313
1671000920.618875,29607.000,1265,1,TH,1,100,23.291
1671000920.752374,29739.000,1275,1,TH,1,100,23.291
1671000920.885873,29871.000,1282,1,TH,1,100,23.289
1671000921.019372,30003.000,1296,1,TH,1,100,23.289
1671000921.152872,30135.000,1304,1,TH,1,100,23.276
1671000921.286371,30267.000,1311,1,TH,1,100,23.268
1671000921.417847,30397.000,1325,1,TH,1,100,23.271
1671000921.551347,30529.000,1333,1,TH,1,100,23.271
1671000921.684846,30661.000,1341,1,TH,1,100,23.310
1671000921.818345,30793.000,1351,1,TH,1,100,23.311
1671000921.949822,30923.000,1365,1,TH,1,100,23.342
1671000922.083321,31055.000,1372,1,TH,1,100,23.342
1671000922.216820,31187.000,1380,1,TH,1,100,23.258
1671000922.350319,31319.000,1394,1,TH,1,100,23.257
1671000922.483819,31451.000,1401,1,TH,1,100,23.279
1671000922.615295,31581.000,1409,1,TH,1,100,23.279
1671000922.748795,31713.000,1425,1,TH,1,100,23.321
1671000922.881282,31844.000,1432,1,TH,1,100,23.321
1671000923.014782,31976.000,1441,1,TH,1,100,23.406
1671000923.148281,32108.000,1448,1,TH,1,100,23.406
1671000923.281780,32240.000,1462,1,TH,1,100,23.372
1671000923.414268,32371.000,1470,1,TH,1,100,23.372
1671000923.547767,32503.000,1477,1,TH,1,100,23.417
1671000923.681267,32635.000,1486,1,TH,1,100,23.417
1671000923.814766,32767.000,1501,1,TH,1,100,23.345
1671000923.948265,32899.000,1508,1,TH,1,100,23.345
1671000924.079741,33029.000,1517,1,TH,1,100,23.303
1671000924.213241,33161.000,1524,1,TH,1,100,23.295
1671000924.346740,33293.000,1538,1,TH,1,100,23.372
1671000924.480239,33425.000,1546,1,TH,1,100,23.380
1671000924.613739,33557.000,1553,1,TH,1,100,23.366
1671000924.747238,33689.000,1569,1,TH,1,100,23.366
1671000924.878714,33819.000,1577,1,TH,1,100,23.409
1671000925.012213,33951.000,1585,1,TH,1,100,23.409
1671000925.145713,34083.000,1598,1,TH,1,100,23.393
1671000925.279212,34215.000,1606,1,TH,1,100,23.386
1671000925.412711,34347.000,1614,1,TH,1,100,23.436
1671000925.544188,34477.000,1632,1,TH,1,100,23.436
1671000925.677687,34609.000,1643,1,TH,1,100,23.404
1671000925.811186,34741.000,1650,1,TH,1,100,23.404
1671000925.944686,34873.000,1658,1,TH,1,100,23.521
1671000926.077173,35004.000,1672,1,TH,1,100,23.521
1671000926.209661,35135.000,1679,1,TH,1,100,23.468
1671000926.341138,35265.000,1691,1,TH,1,100,23.468
1671000926.474637,35397.000,1704,1,TH,1,100,23.441
1671000926.608136,35529.000,1711,1,TH,1,100,23.441
1671000926.741636,35661.000,1722,1,TH,1,100,23.489
1671000926.875135,35793.000,1735,1,TH,1,100,23.489
1671000927.006611,35923.000,1743,1,TH,1,100,23.486
1671000927.140111,36055.000,1751,1,TH,1,100,23.486
1671000927.273610,36187.000,1758,1,TH,1,100,23.505
1671000927.407109,36319.000,1772,1,TH,1,100,23.505
1671000927.539597,36450.000,1780,1,TH,1,100,23.534
1671000927.672085,36581.000,1788,1,TH,1,100,23.534
1671000927.805584,36713.000,1803,1,TH,1,100,23.495
1671000927.939084,36845.000,1811,1,TH,1,100,23.487
1671000928.072583,36977.000,1819,1,TH,1,100,23.392
1671000928.206082,37109.000,1832,1,TH,1,100,23.392
1671000928.339581,37241.000,1841,1,TH,1,100,23.574
1671000928.472069,37372.000,1848,1,TH,1,100,23.575
1671000928.605568,37504.000,1856,1,TH,1,100,23.464
1671000928.739068,37636.000,1872,1,TH,1,100,23.471
1671000928.872567,37768.000,1879,1,TH,1,100,23.447
1671000929.005055,37899.000,1888,1,TH,1,100,23.439
1671000929.137543,38030.000,1901,1,TH,1,100,23.495
1671000929.271042,38162.000,1908,1,TH,1,100,23.495
1671000929.404541,38294.000,1917,1,TH,1,100,23.479
1671000929.538040,38426.000,1930,1,TH,1,100,23.479
1671000929.670528,38557.000,1938,1,TH,1,100,23.537
1671000929.804028,38689.000,1948,1,TH,1,100,23.538
1671000929.935504,38819.000,1955,1,TH,1,100,23.553
1671000930.069003,38951.000,1969,1,TH,1,100,23.553
1671000930.202502,39083.000,1977,1,TH,1,100,23.479
1671000930.336002,39215.000,1985,1,TH,1,100,23.479
1671000930.467478,39345.000,1998,1,TH,1,100,23.537
1671000930.600978,39477.000,2006,1,TH,1,100,23.538
1671000930.734477,39609.000,2016,1,TH,1,100,23.574
1671000930.867976,39741.000,2034,1,TH,1,100,23.575
1671000931.001475,39873.000,2043,1,TH,1,100,23.530
1671000931.132952,40003.000,2050,1,TH,1,100,23.530
1671000931.266451,40135.000,2058,1,TH,1,100,23.540
1671000931.399950,40267.000,2072,1,TH,1,100,23.540
1671000931.533450,40399.000,2079,1,TH,1,100,23.588
1671000931.666949,40531.000,2088,1,TH,1,100,23.588
1671000931.800448,40663.000,2103,1,TH,1,100,23.585
1671000931.931925,40793.000,2110,1,TH,1,100,23.585
1671000932.065424,40925.000,2119,1,TH,1,100,23.567
1671000932.198923,41057.000,2132,1,TH,1,100,23.559
1671000932.332422,41189.000,2140,1,TH,1,100,23.578
1671000932.465922,41321.000,2148,1,TH,1,100,23.578
1671000932.597398,41451.000,2155,1,TH,1,100,23.565
1671000932.730897,41583.000,2171,1,TH,1,100,23.565
1671000932.864397,41715.000,2179,1,TH,1,100,23.646
1671000932.997896,41847.000,2187,1,TH,1,100,23.646
1671000933.131395,41979.000,2200,1,TH,1,100,23.570
1671000933.264894,42111.000,2208,1,TH,1,100,23.570
1671000933.397382,42242.000,2216,1,TH,1,100,23.583
1671000933.530882,42374.000,2229,1,TH,1,100,23.583
1671000933.664381,42506.000,2238,1,TH,1,100,23.570
1671000933.797880,42638.000,2247,1,TH,1,100,23.570
1671000933.931379,42770.000,2255,1,TH,1,100,23.654
1671000934.062856,42900.000,2269,1,TH,1,100,23.655
1671000934.196355,43032.000,2276,1,TH,1,100,23.615
1671000934.329854,43164.000,2285,1,TH,1,100,23.615
1671000934.463354,43296.000,2298,1,TH,1,100,23.686
1671000934.596853,43428.000,2305,1,TH,1,100,23.686
1671000934.728329,43558.000,2316,1,TH,1,100,23.665
1671000934.859806,43688.000,2329,1,TH,1,100,23.665
1671000934.993305,43820.000,2337,1,TH,1,100,23.621
1671000935.126804,43952.000,2345,1,TH,1,100,23.620
1671000935.260304,44084.000,2359,1,TH,1,100,23.594
1671000935.394814,44217.000,2366,1,TH,1,100,23.594
1671000935.526291,44347.000,2374,1,TH,1,100,23.626
1671000935.659790,44479.000,2382,1,TH,1,100,23.626
1671000935.793289,44611.000,2397,1,TH,1,100,23.670
1671000935.926789,44743.000,2411,1,TH,1,100,23.670
1671000936.059276,44874.000,2418,1,TH,1,100,23.626
1671000936.191764,45005.000,2426,1,TH,1,100,23.626
1671000936.325264,45137.000,2440,1,TH,1,100,23.697
1671000936.458763,45269.000,2447,1,TH,1,100,23.697
1671000936.592262,45401.000,2455,1,TH,1,100,23.689
1671000936.725761,45533.000,2471,1,TH,1,100,23.689
1671000936.859261,45665.000,2478,1,TH,1,100,23.676
1671000936.990737,45795.000,2487,1,TH,1,100,23.676
1671000937.124236,45927.000,2500,1,TH,1,100,23.658
1671000937.257736,46059.000,2510,1,TH,1,100,23.650
1671000937.391235,46191.000,2519,1,TH,1,100,23.705
1671000937.523723,46322.000,2526,1,TH,1,100,23.705
1671000937.656211,46453.000,2542,1,TH,1,100,23.608
1671000937.789710,46585.000,2550,1,TH,1,100,23.608
1671000937.923209,46717.000,2557,1,TH,1,100,23.713
1671000938.056708,46849.000,2571,1,TH,1,100,23.713
1671000938.188185,46979.000,2579,1,TH,1,100,23.682
1671000938.321684,47111.000,2587,1,TH,1,100,23.682
1671000938.454172,47242.000,2600,1,TH,1,100,23.687
1671000938.587671,47374.000,2608,1,TH,1,100,23.687
1671000938.721171,47506.000,2618,1,TH,1,100,23.734
1671000938.854670,47638.000,2626,1,TH,1,100,23.735
1671000938.987158,47769.000,2640,1,TH,1,100,23.661
1671000939.119646,47900.000,2647,1,TH,1,100,23.661
1671000939.253145,48032.000,2655,1,TH,1,100,23.669
1671000939.386644,48164.000,2669,1,TH,1,100,23.669
1671000939.520143,48296.000,2676,1,TH,1,100,23.703
1671000939.651620,48426.000,2685,1,TH,1,100,23.703
1671000939.785119,48558.000,2700,1,TH,1,100,23.764
1671000939.918618,48690.000,2707,1,TH,1,100,23.764
1671000940.052118,48822.000,2716,1,TH,1,100,23.725
1671000940.185617,48954.000,2729,1,TH,1,100,23.724
1671000940.319116,49086.000,2737,1,TH,1,100,23.819
1671000940.450593,49216.000,2745,1,TH,1,100,23.819
1671000940.584092,49348.000,2752,1,TH,1,100,23.645
1671000940.717591,49480.000,2768,1,TH,1,100,23.645
1671000940.851090,49612.000,2776,1,TH,1,100,23.663
1671000940.984590,49744.000,2784,1,TH,1,100,23.663
1671000941.116066,49874.000,2802,1,TH,1,100,23.782
1671000941.249565,50006.000,2810,1,TH,1,100,23.783
1671000941.383065,50138.000,2818,1,TH,1,100,23.753
1671000941.516564,50270.000,2831,1,TH,1,100,23.753
1671000941.650063,50402.000,2842,1,TH,1,100,23.737
1671000941.783562,50534.000,2849,1,TH,1,100,23.737
1671000941.915039,50664.000,2857,1,TH,1,100,23.753
1671000942.049550,50797.000,2871,1,TH,1,100,23.753
1671000942.183049,50929.000,2878,1,TH,1,100,23.890
1671000942.316548,51061.000,2887,1,TH,1,100,23.883
1671000942.450047,51193.000,2900,1,TH,1,100,23.665
1671000942.581524,51323.000,2907,1,TH,1,100,23.664
1671000942.715023,51455.000,2918,1,TH,1,100,23.754
1671000942.848522,51587.000,2931,1,TH,1,100,23.754
1671000942.982022,51719.000,2939,1,TH,1,100,23.775
1671000943.115521,51851.000,2947,1,TH,1,100,23.775
1671000943.246997,51981.000,2961,1,TH,1,100,23.810
1671000943.380497,52113.000,2968,1,TH,1,100,23.817
1671000943.513996,52245.000,2976,1,TH,1,100,23.764
1671000943.647495,52377.000,2984,1,TH,1,100,23.757
1671000943.780994,52509.000,2999,1,TH,1,100,23.770
1671000943.914494,52641.000,3007,1,TH,1,100,23.770
1671000944.045970,52771.000,3015,1,TH,1,100,23.904
1671000944.179469,52903.000,3028,1,TH,1,100,23.905
1671000944.312969,53035.000,3037,1,TH,1,100,23.778
1671000944.446468,53167.000,3044,1,TH,1,100,23.778
1671000944.579967,53299.000,3052,1,TH,1,100,23.791
1671000944.711444,53429.000,3068,1,TH,1,100,23.791
1671000944.844943,53561.000,3075,1,TH,1,100,23.875
1671000944.978442,53693.000,3084,1,TH,1,100,23.875
1671000945.111941,53825.000,3097,1,TH,1,100,23.796
1671000945.245441,53957.000,3104,1,TH,1,100,23.796
1671000945.378940,54089.000,3113,1,TH,1,100,23.838
1671000945.510417,54219.000,3126,1,TH,1,100,23.838
1671000945.643916,54351.000,3134,1,TH,1,100,23.796
1671000945.777415,54483.000,3144,1,TH,1,100,23.796
1671000945.910914,54615.000,3158,1,TH,1,100,23.823
1671000946.043402,54746.000,3165,1,TH,1,100,23.823
1671000946.175890,54877.000,3173,1,TH,1,100,23.883
1671000946.309389,55009.000,3186,1,TH,1,100,23.876
1671000946.442888,55141.000,3199,1,TH,1,100,23.852
1671000946.576388,55273.000,3207,1,TH,1,100,23.860
1671000946.708876,55404.000,3217,1,TH,1,100,23.841
1671000946.842375,55536.000,3225,1,TH,1,100,23.834
1671000946.973851,55666.000,3239,1,TH,1,100,23.868
1671000947.107351,55798.000,3246,1,TH,1,100,23.868
1671000947.240850,55930.000,3254,1,TH,1,100,23.923
1671000947.374349,56062.000,3268,1,TH,1,100,23.924
1671000947.506837,56193.000,3275,1,TH,1,100,23.918
1671000947.639325,56324.000,3284,1,TH,1,100,23.918
1671000947.772824,56456.000,3299,1,TH,1,100,23.850
1671000947.906323,56588.000,3306,1,TH,1,100,23.850
1671000948.039823,56720.000,3315,1,TH,1,100,23.863
1671000948.171299,56850.000,3322,1,TH,1,100,23.863
1671000948.304798,56982.000,3339,1,TH,1,100,23.947
1671000948.438298,57114.000,3347,1,TH,1,100,23.947
1671000948.571797,57246.000,3354,1,TH,1,100,23.955
1671000948.705296,57378.000,3370,1,TH,1,100,23.955
1671000948.838795,57510.000,3378,1,TH,1,100,23.916
1671000948.971283,57641.000,3386,1,TH,1,100,23.916
1671000949.103771,57772.000,3399,1,TH,1,100,23.918
1671000949.237271,57904.000,3407,1,TH,1,100,23.918
1671000949.370770,58036.000,3415,1,TH,1,100,23.918
1671000949.504269,58168.000,3428,1,TH,1,100,23.918
1671000949.635746,58298.000,3439,1,TH,1,100,23.903
1671000949.769245,58430.000,3446,1,TH,1,100,23.902
1671000949.902744,58562.000,3454,1,TH,1,100,23.995
1671000950.036243,58694.000,3468,1,TH,1,100,23.995
1671000950.169743,58826.000,3475,1,TH,1,100,23.934
1671000950.301219,58956.000,3484,1,TH,1,100,23.934
1671000950.432696,59086.000,3497,1,TH,1,100,23.924
1671000950.566195,59218.000,3504,1,TH,1,100,23.924
1671000950.699694,59350.000,3515,1,TH,1,100,23.939
1671000950.833193,59482.000,3528,1,TH,1,100,23.939
1671000950.966693,59614.000,3536,1,TH,1,100,24.026
1671000951.098169,59744.000,3544,1,TH,1,100,24.026
1671000951.231668,59876.000,3551,1,TH,1,100,23.940
1671000951.365168,60008.000,3565,1,TH,1,100,23.932
1671000951.498667,60140.000,3578,1,TH,1,100,23.974
1671000951.632166,60272.000,3586,1,TH,1,100,23.974
1671000951.764654,60403.000,3601,1,TH,1,100,24.001
1671000951.898153,60535.000,3610,1,TH,1,100,24.001
1671000952.031652,60667.000,3617,1,TH,1,100,23.964
1671000952.165152,60799.000,3625,1,TH,1,100,23.964
1671000952.298651,60931.000,3639,1,TH,1,100,24.043
1671000952.432150,61063.000,3646,1,TH,1,100,24.043
1671000952.563627,61193.000,3654,1,TH,1,100,23.943
1671000952.697126,61325.000,3670,1,TH,1,100,23.943
1671000952.830625,61457.000,3677,1,TH,1,100,23.951
1671000952.964124,61589.000,3686,1,TH,1,100,23.951
1671000953.097624,61721.000,3699,1,TH,1,100,23.966
1671000953.229100,61851.000,3707,1,TH,1,100,23.966
1671000953.362600,61983.000,3715,1,TH,1,100,23.956
1671000953.496099,62115.000,3722,1,TH,1,100,23.956
1671000953.629598,62247.000,3738,1,TH,1,100,24.008
1671000953.763097,62379.000,3746,1,TH,1,100,24.009
1671000953.896597,62511.000,3753,1,TH,1,100,24.006
1671000954.028073,62641.000,3767,1,TH,1,100,24.006
1671000954.161572,62773.000,3775,1,TH,1,100,23.903
1671000954.295072,62905.000,3783,1,TH,1,100,23.903
1671000954.428571,63037.000,3796,1,TH,1,100,24.001
1671000954.562070,63169.000,3804,1,TH,1,100,24.001
1671000954.693547,63299.000,3814,1,TH,1,100,23.977
1671000954.827046,63431.000,3822,1,TH,1,100,23.977
1671000954.960545,63563.000,3836,1,TH,1,100,23.969
1671000955.094044,63695.000,3843,1,TH,1,100,23.969
1671000955.225521,63825.000,3851,1,TH,1,100,23.990
1671000955.359020,63957.000,3865,1,TH,1,100,23.990
1671000955.491508,64088.000,3872,1,TH,1,100,23.996
1671000955.625007,64220.000,3881,1,TH,1,100,23.988
1671000955.758507,64352.000,3896,1,TH,1,100,24.009
1671000955.892006,64484.000,3903,1,TH,1,100,24.009
1671000956.024494,64615.000,3912,1,TH,1,100,24.080
1671000956.156982,64746.000,3925,1,TH,1,100,24.088
1671000956.290481,64878.000,3933,1,TH,1,100,24.027
1671000956.423980,65010.000,3941,1,TH,1,100,24.020
1671000956.557479,65142.000,3948,1,TH,1,100,24.117
1671000956.689967,65273.000,3962,1,TH,1,100,24.124
1671000956.823467,65405.000,3972,1,TH,1,100,24.048
1671000956.956966,65537.000,3986,1,TH,1,100,24.041
1671000957.090465,65669.000,3993,1,TH,1,100,23.996
1671000957.223964,65801.000,4001,1,TH,1,100,24.004
1671000957.357463,65933.000,4015,1,TH,1,100,24.095
1671000957.489951,66064.000,4022,1,TH,1,100,24.096
1671000957.622439,66195.000,4031,1,TH,1,100,23.936
1671000957.755939,66327.000,4040,1,TH,1,100,23.928
1671000957.889438,66459.000,4054,1,TH,1,100,24.046
1671000958.022937,66591.000,4062,1,TH,1,100,24.046
1671000958.154413,66721.000,4069,1,TH,1,100,24.093
1671000958.287913,66853.000,4083,1,TH,1,100,24.094
1671000958.421412,66985.000,4091,1,TH,1,100,24.151
1671000958.554911,67117.000,4098,1,TH,1,100,24.151
1671000958.688411,67249.000,4114,1,TH,1,100,24.034
1671000958.819887,67379.000,4122,1,TH,1,100,24.033
1671000958.952375,67510.000,4130,1,TH,1,100,24.007
1671000959.084863,67641.000,4138,1,TH,1,100,24.007
1671000959.218362,67773.000,4152,1,TH,1,100,24.067
1671000959.351861,67905.000,4162,1,TH,1,100,24.068
1671000959.485361,68037.000,4170,1,TH,1,100,24.075
1671000959.616837,68167.000,4186,1,TH,1,100,24.075
1671000959.750336,68299.000,4193,1,TH,1,100,24.099
1671000959.883836,68431.000,4201,1,TH,1,100,24.099
1671000960.017335,68563.000,4209,1,TH,1,100,24.075
1671000960.150834,68695.000,4222,1,TH,1,100,24.075
1671000960.282311,68825.000,4231,1,TH,1,100,24.070
1671000960.415810,68957.000,4238,1,TH,1,100,24.063
1671000960.549309,69089.000,4252,1,TH,1,100,24.073
1671000960.682808,69221.000,4262,1,TH,1,100,24.073
1671000960.816308,69353.000,4269,1,TH,1,100,24.047
1671000960.949807,69485.000,4283,1,TH,1,100,24.054
1671000961.081283,69615.000,4291,1,TH,1,100,24.115
1671000961.214783,69747.000,4298,1,TH,1,100,24.115
1671000961.348282,69879.000,4307,1,TH,1,100,24.086
1671000961.481781,70011.000,4320,1,TH,1,100,24.086
1671000961.615280,70143.000,4328,1,TH,1,100,24.117
1671000961.747768,70274.000,4338,1,TH,1,100,24.110
1671000961.881268,70406.000,4357,1,TH,1,100,24.152
1671000962.015778,70539.000,4364,1,TH,1,100,24.152
1671000962.149277,70671.000,4372,1,TH,1,100,24.186
1671000962.281765,70802.000,4380,1,TH,1,100,24.186
1671000962.414253,70933.000,4393,1,TH,1,100,24.108
1671000962.545730,71063.000,4401,1,TH,1,100,24.108
1671000962.679229,71195.000,4411,1,TH,1,100,24.095
1671000962.812728,71327.000,4424,1,TH,1,100,24.095
1671000962.946228,71459.000,4433,1,TH,1,100,24.176
1671000963.079727,71591.000,4440,1,TH,1,100,24.176
1671000963.211203,71721.000,4454,1,TH,1,100,24.171
1671000963.344702,71853.000,4462,1,TH,1,100,24.171
1671000963.478202,71985.000,4469,1,TH,1,100,24.118
1671000963.611701,72117.000,4478,1,TH,1,100,24.118
1671000963.743178,72247.000,4493,1,TH,1,100,24.204
1671000963.876677,72379.000,4500,1,TH,1,100,24.205
1671000964.010176,72511.000,4509,1,TH,1,100,24.171
1671000964.143675,72643.000,4522,1,TH,1,100,24.171
1671000964.277174,72775.000,4530,1,TH,1,100,24.150
1671000964.410674,72907.000,4538,1,TH,1,100,24.150
1671000964.544173,73039.000,4552,1,TH,1,100,24.129
1671000964.675650,73169.000,4561,1,TH,1,100,24.129
1671000964.809149,73301.000,4569,1,TH,1,100,24.129
1671000964.942648,73433.000,4577,1,TH,1,100,24.129
1671000965.076147,73565.000,4590,1,TH,1,100,24.215
1671000965.207624,73695.000,4598,1,TH,1,100,24.216
1671000965.341123,73827.000,4606,1,TH,1,100,24.055
1671000965.474622,73959.000,4619,1,TH,1,100,24.055
1671000965.608122,74091.000,4628,1,TH,1,100,24.095
1671000965.741621,74223.000,4637,1,TH,1,100,24.095
1671000965.875120,74355.000,4651,1,TH,1,100,24.152
1671000966.007608,74486.000,4659,1,TH,1,100,24.152
1671000966.140096,74617.000,4666,1,TH,1,100,24.071
1671000966.273595,74749.000,4680,1,TH,1,100,24.071
1671000966.407094,74881.000,4688,1,TH,1,100,24.220
1671000966.540594,75013.000,4695,1,TH,1,100,24.221
1671000966.673082,75144.000,4706,1,TH,1,100,24.058
1671000966.806581,75276.000,4719,1,TH,1,100,24.058
1671000966.940080,75408.000,4733,2,TH,1,100,24.257
1671000967.073579,75540.000,4733,2,TH,1,100,24.258
1671000967.207078,75672.000,4747,1,TH,1,100,24.174
1671000967.338555,75802.000,4754,1,TH,1,100,24.174
1671000967.472054,75934.000,4762,1,TH,1,100,24.239
1671000967.604542,76065.000,4778,1,TH,1,100,24.232
1671000967.738041,76197.000,4785,1,TH,1,100,24.140
1671000967.871541,76329.000,4793,1,TH,1,100,24.140
1671000968.005040,76461.000,4807,1,TH,1,100,24.148
1671000968.136517,76591.000,4814,1,TH,1,100,24.148
1671000968.270016,76723.000,4823,1,TH,1,100,24.145
1671000968.403515,76855.000,4830,1,TH,1,100,24.145
1671000968.537014,76987.000,4844,1,TH,1,100,24.190
1671000968.670513,77119.000,4854,1,TH,1,100,24.190
1671000968.801990,77249.000,4861,1,TH,1,100,24.103
1671000968.935489,77381.000,4875,1,TH,1,100,24.103
1671000969.068989,77513.000,4883,1,TH,1,100,24.197
1671000969.202488,77645.000,4890,1,TH,1,100,24.198
1671000969.335987,77777.000,4904,1,TH,1,100,24.219
1671000969.469486,77909.000,4912,1,TH,1,100,24.219
1671000969.600963,78039.000,4920,1,TH,1,100,24.177
1671000969.734462,78171.000,4930,1,TH,1,100,24.177
1671000969.867961,78303.000,4944,1,TH,1,100,24.179
1671000970.001461,78435.000,4951,1,TH,1,100,24.179
1671000970.134960,78567.000,4959,1,TH,1,100,24.161
1671000970.266436,78697.000,4976,1,TH,1,100,24.161
1671000970.399935,78829.000,4983,1,TH,1,100,24.206
1671000970.533435,78961.000,4991,1,TH,1,100,24.206
1671000970.666934,79093.000,5007,1,TH,1,100,24.180
1671000970.799422,79224.000,5014,1,TH,1,100,24.179
1671000970.931910,79355.000,5023,1,TH,1,100,24.213
1671000971.063386,79485.000,5030,1,TH,1,100,24.213
1671000971.196886,79617.000,5044,1,TH,1,100,24.166
1671000971.330385,79749.000,5052,1,TH,1,100,24.166
1671000971.463884,79881.000,5059,1,TH,1,100,24.195
1671000971.597383,80013.000,5075,1,TH,1,100,24.188
1671000971.729871,80144.000,5083,1,TH,1,100,24.169
1671000971.863370,80276.000,5090,1,TH,1,100,24.169
1671000971.996870,80408.000,5104,1,TH,1,100,24.135
1671000972.130369,80540.000,5117,1,TH,1,100,24.135
1671000972.262857,80671.000,5125,1,TH,1,100,24.180
1671000972.395345,80802.000,5133,1,TH,1,100,24.180
1671000972.528844,80934.000,5147,1,TH,1,100,24.246
1671000972.662343,81066.000,5156,1,TH,1,100,24.246
1671000972.795843,81198.000,5164,1,TH,1,100,24.185
1671000972.929342,81330.000,5178,1,TH,1,100,24.185
1671000973.062841,81462.000,5185,1,TH,1,100,24.219
1671000973.194318,81592.000,5193,1,TH,1,100,24.219
1671000973.327817,81724.000,5201,1,TH,1,100,24.269
1671000973.461316,81856.000,5214,1,TH,1,100,24.269
1671000973.594815,81988.000,5223,1,TH,1,100,24.251
1671000973.726292,82118.000,5232,1,TH,1,100,24.251
1671000973.859791,82250.000,5246,1,TH,1,100,24.214
1671000973.993290,82382.000,5254,1,TH,1,100,24.214
1671000974.126790,82514.000,5261,1,TH,1,100,24.267
1671000974.260289,82646.000,5275,1,TH,1,100,24.267
1671000974.392777,82777.000,5283,1,TH,1,100,24.277
1671000974.526276,82909.000,5290,1,TH,1,100,24.277
1671000974.657753,83039.000,5301,1,TH,1,100,24.261
1671000974.791252,83171.000,5314,1,TH,1,100,24.261
1671000974.924751,83303.000,5322,1,TH,1,100,24.298
1671000975.058250,83435.000,5330,1,TH,1,100,24.299
1671000975.189727,83565.000,5344,1,TH,1,100,24.332
1671000975.323226,83697.000,5351,1,TH,1,100,24.332
1671000975.456725,83829.000,5359,1,TH,1,100,24.324
1671000975.590225,83961.000,5375,1,TH,1,100,24.324
1671000975.723724,84093.000,5382,1,TH,1,100,24.170
1671000975.855200,84223.000,5390,1,TH,1,100,24.170
1671000975.988700,84355.000,5398,1,TH,1,100,24.225
1671000976.122199,84487.000,5411,1,TH,1,100,24.225
1671000976.255698,84619.000,5420,1,TH,1,100,24.340
1671000976.389197,84751.000,5427,1,TH,1,100,24.340
1671000976.522696,84883.000,5441,1,TH,1,100,24.348
1671000976.655185,85014.000,5451,1,TH,1,100,24.348
1671000976.788684,85146.000,5458,1,TH,1,100,24.241
1671000976.922183,85278.000,5472,1,TH,1,100,24.233
1671000977.055682,85410.000,5480,1,TH,1,100,24.325
1671000977.189182,85542.000,5487,1,TH,1,100,24.325
1671000977.320658,85672.000,5501,1,TH,1,100,24.181
1671000977.454157,85804.000,5508,1,TH,1,100,24.188
1671000977.587656,85936.000,5517,1,TH,1,100,24.348
1671000977.721156,86068.000,5526,1,TH,1,100,24.348
1671000977.854655,86200.000,5540,1,TH,1,100,24.267
1671000977.988154,86332.000,5548,1,TH,1,100,24.260
1671000978.119631,86462.000,5555,1,TH,1,100,24.273
1671000978.253130,86594.000,5569,1,TH,1,100,24.273
1671000978.386629,86726.000,5577,1,TH,1,100,24.252
1671000978.520128,86858.000,5584,1,TH,1,100,24.252
1671000978.653628,86990.000,5600,1,TH,1,100,24.325
1671000978.785104,87120.000,5608,1,TH,1,100,24.325
1671000978.918604,87252.000,5616,1,TH,1,100,24.309
1671000979.052103,87384.000,5624,1,TH,1,100,24.309
1671000979.185602,87516.000,5638,1,TH,1,100,24.336
1671000979.318090,87647.000,5645,1,TH,1,100,24.336
1671000979.450578,87778.000,5653,1,TH,1,100,24.260
1671000979.582054,87908.000,5661,1,TH,1,100,24.260
1671000979.715554,88040.000,5676,1,TH,1,100,24.270
1671000979.849053,88172.000,5684,1,TH,1,100,24.270
1671000979.982552,88304.000,5692,1,TH,1,100,24.288
1671000980.116051,88436.000,5705,1,TH,1,100,24.288
1671000980.247528,88566.000,5714,1,TH,1,100,24.398
1671000980.381027,88698.000,5721,1,TH,1,100,24.399
1671000980.514526,88830.000,5735,1,TH,1,100,24.226
1671000980.648026,88962.000,5745,1,TH,1,100,24.225
1671000980.780514,89093.000,5752,1,TH,1,100,24.338
1671000980.913002,89224.000,5766,1,TH,1,100,24.338
1671000981.046501,89356.000,5774,1,TH,1,100,24.341
1671000981.180000,89488.000,5781,1,TH,1,100,24.341
1671000981.313499,89620.000,5793,1,TH,1,100,24.318
1671000981.446998,89752.000,5800,1,TH,1,100,24.317
1671000981.580498,89884.000,5816,1,TH,1,100,24.305
1671000981.712986,90015.000,5824,1,TH,1,100,24.305
1671000981.846485,90147.000,5831,1,TH,1,100,24.284
1671000981.979984,90279.000,5845,1,TH,1,100,24.284
1671000982.113483,90411.000,5853,1,TH,1,100,24.323
1671000982.245971,90542.000,5861,1,TH,1,100,24.315
1671000982.378459,90673.000,5874,1,TH,1,100,24.284
1671000982.511958,90805.000,5887,1,TH,1,100,24.284
1671000982.645458,90937.000,5897,1,TH,1,100,24.294
1671000982.778957,91069.000,5910,1,TH,1,100,24.294
1671000982.910433,91199.000,5919,1,TH,1,100,24.344
1671000983.043933,91331.000,5926,1,TH,1,100,24.344
1671000983.175409,91461.000,5934,1,TH,1,100,24.274
1671000983.308908,91593.000,5948,1,TH,1,100,24.273
1671000983.442408,91725.000,5955,1,TH,1,100,24.326
1671000983.575907,91857.000,5964,1,TH,1,100,24.326
1671000983.707383,91987.000,5979,1,TH,1,100,24.430
1671000983.840883,92119.000,5986,1,TH,1,100,24.431
1671000983.974382,92251.000,5995,1,TH,1,100,24.303
1671000984.107881,92383.000,6008,1,TH,1,100,24.302
1671000984.241380,92515.000,6016,1,TH,1,100,24.360
1671000984.372857,92645.000,6024,1,TH,1,100,24.360
1671000984.506356,92777.000,6031,1,TH,1,100,24.371
1671000984.639855,92909.000,6047,1,TH,1,100,24.371
1671000984.773355,93041.000,6055,1,TH,1,100,24.389
1671000984.906854,93173.000,6063,1,TH,1,100,24.389
1671000985.040353,93305.000,6076,1,TH,1,100,24.376
1671000985.171830,93435.000,6084,1,TH,1,100,24.376
1671000985.306340,93568.000,6092,1,TH,1,100,24.324
1671000985.439840,93700.000,6105,1,TH,1,100,24.323
1671000985.573339,93832.000,6116,1,TH,1,100,24.371
1671000985.706838,93964.000,6123,1,TH,1,100,24.371
1671000985.838315,94094.000,6131,1,TH,1,100,24.355
1671000985.971814,94226.000,6145,1,TH,1,100,24.355
1671000986.105313,94358.000,6152,1,TH,1,100,24.376
1671000986.238812,94490.000,6161,1,TH,1,100,24.376
1671000986.372312,94622.000,6174,1,TH,1,100,24.475
1671000986.504800,94753.000,6181,1,TH,1,100,24.475
1671000986.637287,94884.000,6192,1,TH,1,100,24.376
1671000986.770787,95016.000,6199,1,TH,1,100,24.376
1671000986.904286,95148.000,6213,1,TH,1,100,24.457
1671000987.037785,95280.000,6221,1,TH,1,100,24.457
1671000987.171284,95412.000,6228,1,TH,1,100,24.402
1671000987.302761,95542.000,6242,1,TH,1,100,24.395
1671000987.436260,95674.000,6250,1,TH,1,100,24.358
1671000987.569759,95806.000,6258,1,TH,1,100,24.365
1671000987.703259,95938.000,6273,1,TH,1,100,24.472
1671000987.836758,96070.000,6281,1,TH,1,100,24.465
1671000987.968235,96200.000,6289,1,TH,1,100,24.429
1671000988.101734,96332.000,6302,1,TH,1,100,24.436
1671000988.235233,96464.000,6311,1,TH,1,100,24.324
1671000988.368732,96596.000,6318,1,TH,1,100,24.316
1671000988.502232,96728.000,6332,1,TH,1,100,24.402
1671000988.635731,96860.000,6342,1,TH,1,100,24.402
1671000988.767207,96990.000,6349,1,TH,1,100,24.413
1671000988.900707,97122.000,6357,1,TH,1,100,24.413
1671000989.034206,97254.000,6371,1,TH,1,100,24.429
1671000989.167705,97386.000,6378,1,TH,1,100,24.429
1671000989.300193,97517.000,6387,1,TH,1,100,24.505
1671000989.432681,97648.000,6400,1,TH,1,100,24.505
1671000989.566180,97780.000,6408,1,TH,1,100,24.340
1671000989.699679,97912.000,6418,1,TH,1,100,24.340
1671000989.833179,98044.000,6432,1,TH,1,100,24.377
1671000989.966678,98176.000,6439,1,TH,1,100,24.377
1671000990.100177,98308.000,6447,1,TH,1,100,24.288
1671000990.231654,98438.000,6461,1,TH,1,100,24.287
1671000990.365153,98570.000,6468,1,TH,1,100,24.455
1671000990.498652,98702.000,6476,1,TH,1,100,24.455
1671000990.632151,98834.000,6486,1,TH,1,100,24.392
1671000990.764639,98965.000,6499,1,TH,1,100,24.392
1671000990.897127,99096.000,6508,1,TH,1,100,24.392
1671000991.030626,99228.000,6515,1,TH,1,100,24.392
1671000991.164126,99360.000,6529,1,TH,1,100,24.382
1671000991.297625,99492.000,6537,1,TH,1,100,24.382
1671000991.429101,99622.000,6544,1,TH,1,100,24.398
1671000991.562601,99754.000,6560,1,TH,1,100,24.398
1671000991.695089,99885.000,6568,1,TH,1,100,24.450
1671000991.828588,100017.000,6575,1,TH,1,100,24.450
1671000991.962087,100149.000,6584,1,TH,1,100,24.440
1671000992.095586,100281.000,6597,1,TH,1,100,24.440
1671000992.228074,100412.000,6605,1,TH,1,100,24.476
1671000992.360562,100543.000,6616,1,TH,1,100,24.476
1671000992.494061,100675.000,6630,1,TH,1,100,24.523
1671000992.627561,100807.000,6639,1,TH,1,100,24.516
1671000992.761060,100939.000,6647,1,TH,1,100,24.482
1671000992.892536,101069.000,6660,1,TH,1,100,24.482
1671000993.026036,101201.000,6673,1,TH,1,100,24.446
1671000993.159535,101333.000,6681,1,TH,1,100,24.453
1671000993.293034,101465.000,6689,1,TH,1,100,24.403
1671000993.426533,101597.000,6702,1,TH,1,100,24.395
1671000993.560033,101729.000,6711,1,TH,1,100,24.424
1671000993.691509,101859.000,6720,1,TH,1,100,24.424
1671000993.825008,101991.000,6734,1,TH,1,100,24.534
1671000993.958508,102123.000,6742,1,TH,1,100,24.534
1671000994.092007,102255.000,6749,1,TH,1,100,24.451
1671000994.225506,102387.000,6757,1,TH,1,100,24.451
1671000994.356983,102517.000,6771,1,TH,1,100,24.490
1671000994.490482,102649.000,6778,1,TH,1,100,24.490
1671000994.623981,102781.000,6789,1,TH,1,100,24.469
1671000994.757480,102913.000,6802,1,TH,1,100,24.469
1671000994.890980,103045.000,6810,1,TH,1,100,24.448
1671000995.023468,103176.000,6818,1,TH,1,100,24.448
1671000995.154944,103306.000,6832,1,TH,1,100,24.396
1671000995.288443,103438.000,6839,1,TH,1,100,24.395
1671000995.421942,103570.000,6847,1,TH,1,100,24.430
1671000995.555442,103702.000,6863,1,TH,1,100,24.430
1671000995.688941,103834.000,6870,1,TH,1,100,24.445
1671000995.820418,103964.000,6878,1,TH,1,100,24.445
1671000995.953917,104096.000,6886,1,TH,1,100,24.498
1671000996.087416,104228.000,6899,1,TH,1,100,24.498
1671000996.220915,104360.000,6908,1,TH,1,100,24.414
1671000996.354415,104492.000,6915,1,TH,1,100,24.414
1671000996.485891,104622.000,6929,1,TH,1,100,24.492
1671000996.619390,104754.000,6939,1,TH,1,100,24.493
1671000996.752890,104886.000,6946,1,TH,1,100,24.516
1671000996.886389,105018.000,6960,1,TH,1,100,24.516
1671000997.019888,105150.000,6968,1,TH,1,100,24.485
1671000997.153387,105282.000,6975,1,TH,1,100,24.485
1671000997.284864,105412.000,6984,1,TH,1,100,24.589
1671000997.418363,105544.000,6997,1,TH,1,100,24.590
1671000997.551862,105676.000,7005,1,TH,1,100,24.530
1671000997.685362,105808.000,7015,1,TH,1,100,24.530
1671000997.818861,105940.000,7029,1,TH,1,100,24.456
1671000997.950337,106070.000,7042,1,TH,1,100,24.449
1671000998.083837,106202.000,7049,1,TH,1,100,24.501
1671000998.217336,106334.000,7058,1,TH,1,100,24.501
1671000998.350835,106466.000,7065,1,TH,1,100,24.556
1671000998.483323,106597.000,7079,1,TH,1,100,24.556
1671000998.617834,106730.000,7089,1,TH,1,100,24.493
1671000998.749310,106860.000,7096,1,TH,1,100,24.493
1671000998.882809,106992.000,7110,1,TH,1,100,24.402
1671000999.016309,107124.000,7118,1,TH,1,100,24.401
1671000999.149808,107256.000,7125,1,TH,1,100,24.514
1671000999.282296,107387.000,7134,1,TH,1,100,24.514
1671000999.414784,107518.000,7147,1,TH,1,100,24.509
1671000999.548283,107650.000,7155,1,TH,1,100,24.509
1671000999.681782,107782.000,7165,1,TH,1,100,24.441
1671000999.815281,107914.000,7179,1,TH,1,100,24.441
1671000999.947769,108045.000,7186,1,TH,1,100,24.480
1671001000.081269,108177.000,7194,1,TH,1,100,24.480
1671001000.214768,108309.000,7208,1,TH,1,100,24.506
1671001000.348267,108441.000,7215,1,TH,1,100,24.506
1671001000.481766,108573.000,7223,1,TH,1,100,24.460
1671001000.615266,108705.000,7233,1,TH,1,100,24.459
1671001000.747754,108836.000,7246,1,TH,1,100,24.509
1671001000.880241,108967.000,7255,1,TH,1,100,24.509
1671001001.013741,109099.000,7262,1,TH,1,100,24.436
1671001001.147240,109231.000,7276,1,TH,1,100,24.436
1671001001.280739,109363.000,7284,1,TH,1,100,24.514
1671001001.412216,109493.000,7291,1,TH,1,100,24.514
1671001001.545715,109625.000,7307,1,TH,1,100,24.514
1671001001.679214,109757.000,7315,1,TH,1,100,24.514
1671001001.812713,109889.000,7322,1,TH,1,100,24.444
1671001001.946213,110021.000,7331,1,TH,1,100,24.444
1671001002.079712,110153.000,7344,1,TH,1,100,24.598
1671001002.212200,110284.000,7352,1,TH,1,100,24.598
1671001002.344688,110415.000,7360,1,TH,1,100,24.556
1671001002.478187,110547.000,7374,1,TH,1,100,24.556
1671001002.611686,110679.000,7383,1,TH,1,100,24.533
1671001002.745185,110811.000,7391,1,TH,1,100,24.533
1671001002.876662,110941.000,7405,1,TH,1,100,24.546
1671001003.010161,111073.000,7412,1,TH,1,100,24.546
1671001003.143661,111205.000,7420,1,TH,1,100,24.436
1671001003.277160,111337.000,7439,1,TH,1,100,24.436
1671001003.410659,111469.000,7449,1,TH,1,100,24.559
1671001003.542135,111599.000,7458,1,TH,1,100,24.559
1671001003.673612,111729.000,7467,1,TH,1,100,24.575
1671001003.807111,111861.000,7481,1,TH,1,100,24.575
1671001003.940611,111993.000,7489,1,TH,1,100,24.514
1671001004.074110,112125.000,7496,1,TH,1,100,24.514
1671001004.207609,112257.000,7510,1,TH,1,100,24.507
1671001004.339086,112387.000,7518,1,TH,1,100,24.507
1671001004.472585,112519.000,7525,1,TH,1,100,24.535
1671001004.606084,112651.000,7541,1,TH,1,100,24.528
1671001004.739583,112783.000,7549,1,TH,1,100,24.458
1671001004.873083,112915.000,7557,1,TH,1,100,24.457
1671001005.005570,113046.000,7565,1,TH,1,100,24.596
1671001005.139070,113178.000,7579,1,TH,1,100,24.596
1671001005.272569,113310.000,7586,1,TH,1,100,24.531
1671001005.406068,113442.000,7594,1,TH,1,100,24.538
1671001005.539567,113574.000,7610,1,TH,1,100,24.627
1671001005.673067,113706.000,7617,1,TH,1,100,24.620
1671001005.804543,113836.000,7625,1,TH,1,100,24.567
1671001005.938043,113968.000,7639,1,TH,1,100,24.567
1671001006.071542,114100.000,7646,1,TH,1,100,24.471
1671001006.205041,114232.000,7655,1,TH,1,100,24.471
1671001006.338540,114364.000,7668,1,TH,1,100,24.499
1671001006.470017,114494.000,7676,1,TH,1,100,24.499
1671001006.603516,114626.000,7686,1,TH,1,100,24.466
1671001006.737015,114758.000,7693,1,TH,1,100,24.465
1671001006.870515,114890.000,7707,1,TH,1,100,24.539
1671001007.003002,115021.000,7715,1,TH,1,100,24.539
1671001007.136502,115153.000,7722,1,TH,1,100,24.601
1671001007.267978,115283.000,7736,1,TH,1,100,24.602
1671001007.401478,115415.000,7744,1,TH,1,100,24.492
1671001007.534977,115547.000,7752,1,TH,1,100,24.492
1671001007.668476,115679.000,7762,1,TH,1,100,24.572
1671001007.801975,115811.000,7776,1,TH,1,100,24.573
1671001007.933452,115941.000,7783,1,TH,1,100,24.596
1671001008.066951,116073.000,7791,1,TH,1,100,24.596
1671001008.200450,116205.000,7805,1,TH,1,100,24.617
1671001008.333950,116337.000,7817,1,TH,1,100,24.617
1671001008.465426,116467.000,7826,1,TH,1,100,24.622
1671001008.598925,116599.000,7835,1,TH,1,100,24.622
1671001008.732424,116731.000,7843,1,TH,1,100,24.562
1671001008.865924,116863.000,7857,1,TH,1,100,24.562
1671001008.999423,116995.000,7864,1,TH,1,100,24.581
1671001009.132922,117127.000,7872,1,TH,1,100,24.581
1671001009.265410,117258.000,7886,1,TH,1,100,24.570
1671001009.397898,117389.000,7893,1,TH,1,100,24.570
1671001009.531397,117521.000,7902,1,TH,1,100,24.638
1671001009.664896,117653.000,7911,1,TH,1,100,24.638
1671001009.798396,117785.000,7925,1,TH,1,100,24.643
1671001009.930884,117916.000,7933,1,TH,1,100,24.636
1671001010.064383,118048.000,7940,1,TH,1,100,24.633
1671001010.197882,118180.000,7954,1,TH,1,100,24.641
1671001010.331382,118312.000,7962,1,TH,1,100,24.589
1671001010.464881,118444.000,7969,1,TH,1,100,24.589
1671001010.598380,118576.000,7985,1,TH,1,100,24.622
1671001010.730868,118707.000,7993,1,TH,1,100,24.622
1671001010.863356,118838.000,8001,1,TH,1,100,24.604
1671001010.996855,118970.000,8009,1,TH,1,100,24.597
1671001011.130354,119102.000,8023,1,TH,1,100,24.584
1671001011.263854,119234.000,8030,1,TH,1,100,24.584
1671001011.395330,119364.000,8038,1,TH,1,100,24.542
1671001011.528829,119496.000,8054,1,TH,1,100,24.542
1671001011.662328,119628.000,8061,1,TH,1,100,24.544
1671001011.795828,119760.000,8069,1,TH,1,100,24.544
1671001011.930338,119893.000,8083,1,TH,1,100,24.664
1671001012.061815,120023.000,8090,1,TH,1,100,24.665
1671001012.194303,120154.000,8099,1,TH,1,100,24.626
1671001012.326791,120285.000,8106,1,TH,1,100,24.626
1671001012.460290,120417.000,8120,1,TH,1,100,24.613
1671001012.593789,120549.000,8130,1,TH,1,100,24.613
1671001012.727288,120681.000,8137,1,TH,1,100,24.571
1671001012.858765,120811.000,8151,1,TH,1,100,24.571
1671001012.992264,120943.000,8159,1,TH,1,100,24.571
1671001013.125763,121075.000,8166,1,TH,1,100,24.571
1671001013.259263,121207.000,8180,1,TH,1,100,24.484
1671001013.392762,121339.000,8188,1,TH,1,100,24.484
1671001013.525250,121470.000,8202,2,TH,1,100,24.641
1671001013.657738,121601.000,8202,2,TH,1,100,24.641
1671001013.791237,121733.000,8218,1,TH,1,100,24.693
1671001013.924736,121865.000,8225,1,TH,1,100,24.694
1671001014.058235,121997.000,8233,1,TH,1,100,24.623
1671001014.191735,122129.000,8247,1,TH,1,100,24.623
1671001014.323211,122259.000,8257,1,TH,1,100,24.628
1671001014.456711,122391.000,8265,1,TH,1,100,24.628
1671001014.590210,122523.000,8275,1,TH,1,100,24.634
1671001014.723709,122655.000,8288,1,TH,1,100,24.634
1671001014.857208,122787.000,8297,1,TH,1,100,24.602
1671001014.989696,122918.000,8304,1,TH,1,100,24.602
1671001015.123195,123050.000,8312,1,TH,1,100,24.694
1671001015.257706,123183.000,8326,1,TH,1,100,24.694
1671001015.391205,123315.000,8333,1,TH,1,100,24.553
1671001015.523693,123446.000,8342,1,TH,1,100,24.553
1671001015.656181,123577.000,8357,1,TH,1,100,24.633
1671001015.787657,123707.000,8364,1,TH,1,100,24.634
1671001015.921157,123839.000,8373,1,TH,1,100,24.644
1671001016.054656,123971.000,8386,1,TH,1,100,24.644
1671001016.188155,124103.000,8394,1,TH,1,100,24.613
1671001016.321655,124235.000,8402,1,TH,1,100,24.613
1671001016.453131,124365.000,8409,1,TH,1,100,24.597
1671001016.586630,124497.000,8425,1,TH,1,100,24.597
1671001016.720130,124629.000,8433,1,TH,1,100,24.691
1671001016.853629,124761.000,8441,1,TH,1,100,24.691
1671001016.985106,124891.000,8454,1,TH,1,100,24.655
1671001017.118605,125023.000,8462,1,TH,1,100,24.655
1671001017.252104,125155.000,8470,1,TH,1,100,24.634
1671001017.385603,125287.000,8483,1,TH,1,100,24.626
1671001017.519102,125419.000,8492,1,TH,1,100,24.645
1671001017.652602,125551.000,8501,1,TH,1,100,24.645
1671001017.786101,125683.000,8515,1,TH,1,100,24.603
1671001017.917578,125813.000,8523,1,TH,1,100,24.603
1671001018.051077,125945.000,8530,1,TH,1,100,24.710
1671001018.184576,126077.000,8539,1,TH,1,100,24.710
1671001018.318075,126209.000,8552,1,TH,1,100,24.640
1671001018.449552,126339.000,8559,1,TH,1,100,24.640
1671001018.584062,126472.000,8570,1,TH,1,100,24.692
1671001018.717561,126604.000,8589,2,TH,1,100,24.692
1671001018.851061,126736.000,8589,2,TH,1,100,24.613
1671001018.984560,126868.000,8597,1,TH,1,100,24.613
1671001019.118059,127000.000,8611,1,TH,1,100,24.572
1671001019.250547,127131.000,8618,1,TH,1,100,24.572
1671001019.383035,127262.000,8626,1,TH,1,100,24.616
1671001019.516534,127394.000,8642,1,TH,1,100,24.616
1671001019.650033,127526.000,8649,1,TH,1,100,24.606
1671001019.783533,127658.000,8657,1,TH,1,100,24.606
1671001019.916021,127789.000,8665,1,TH,1,100,24.605
1671001020.049520,127921.000,8678,1,TH,1,100,24.605
1671001020.183019,128053.000,8687,1,TH,1,100,24.634
1671001020.316519,128185.000,8694,1,TH,1,100,24.634
1671001020.450018,128317.000,8708,1,TH,1,100,24.723
1671001020.581494,128447.000,8718,1,TH,1,100,24.723
1671001020.714993,128579.000,8725,1,TH,1,100,24.614
1671001020.847481,128710.000,8734,1,TH,1,100,24.613
1671001020.980981,128842.000,8747,1,TH,1,100,24.676
1671001021.114480,128974.000,8754,1,TH,1,100,24.676
1671001021.247979,129106.000,8763,1,TH,1,100,24.561
1671001021.379456,129236.000,8776,1,TH,1,100,24.561
1671001021.512955,129368.000,8784,1,TH,1,100,24.624
1671001021.646454,129500.000,8794,1,TH,1,100,24.624
1671001021.779953,129632.000,8808,1,TH,1,100,24.733
1671001021.914464,129765.000,8815,1,TH,1,100,24.734
1671001022.045941,129895.000,8823,1,TH,1,100,24.637
1671001022.179440,130027.000,8831,1,TH,1,100,24.637
1671001022.312939,130159.000,8844,1,TH,1,100,24.556
1671001022.446438,130291.000,8852,1,TH,1,100,24.549
1671001022.579937,130423.000,8862,1,TH,1,100,24.635
1671001022.713437,130555.000,8875,1,TH,1,100,24.642
1671001022.844913,130685.000,8884,1,TH,1,100,24.695
1671001022.978413,130817.000,8891,1,TH,1,100,24.687
1671001023.111912,130949.000,8905,1,TH,1,100,24.633
1671001023.245411,131081.000,8913,1,TH,1,100,24.640
1671001023.378910,131213.000,8920,1,TH,1,100,24.655
1671001023.510387,131343.000,8929,1,TH,1,100,24.655
1671001023.643886,131475.000,8944,1,TH,1,100,24.715
1671001023.777385,131607.000,8951,1,TH,1,100,24.708
1671001023.910885,131739.000,8960,1,TH,1,100,24.713
1671001024.043373,131870.000,8978,1,TH,1,100,24.713
1671001024.175860,132001.000,8986,1,TH,1,100,24.656
1671001024.307337,132131.000,8994,1,TH,1,100,24.656
1671001024.440836,132263.000,9008,1,TH,1,100,24.604
1671001024.574335,132395.000,9017,1,TH,1,100,24.604
1671001024.707835,132527.000,9025,1,TH,1,100,24.633
1671001024.841334,132659.000,9039,1,TH,1,100,24.633
1671001024.973822,132790.000,9046,1,TH,1,100,24.716
1671001025.107321,132922.000,9054,1,TH,1,100,24.716
1671001025.240820,133054.000,9062,1,TH,1,100,24.675
1671001025.374320,133186.000,9078,1,TH,1,100,24.675
1671001025.506808,133317.000,9087,1,TH,1,100,24.609
1671001025.639295,133448.000,9096,1,TH,1,100,24.609
1671001025.772795,133580.000,9110,1,TH,1,100,24.654
1671001025.906294,133712.000,9118,1,TH,1,100,24.654
1671001026.039793,133844.000,9125,1,TH,1,100,24.724
1671001026.173292,133976.000,9139,1,TH,1,100,24.724
1671001026.306792,134108.000,9147,1,TH,1,100,24.669
1671001026.438268,134238.000,9154,1,TH,1,100,24.669
1671001026.571767,134370.000,9165,1,TH,1,100,24.638
1671001026.705267,134502.000,9178,1,TH,1,100,24.638
1671001026.838766,134634.000,9186,1,TH,1,100,24.682
1671001026.970243,134764.000,9194,1,TH,1,100,24.682
1671001027.103742,134896.000,9208,1,TH,1,100,24.724
1671001027.237241,135028.000,9215,1,TH,1,100,24.724
1671001027.370740,135160.000,9223,1,TH,1,100,24.610
1671001027.504239,135292.000,9239,1,TH,1,100,24.609
1671001027.635716,135422.000,9246,1,TH,1,100,24.664
1671001027.769215,135554.000,9254,1,TH,1,100,24.664
1671001027.900692,135684.000,9262,1,TH,1,100,24.763
