LocalTimestamp,EmotiBitTimestamp,PacketNumber,DataLength,TypeTag,ProtocolVersion,DataReliability,EL
1671015035.447117,49133.000,6086,2,EL,1,100,26457.599609
1671015035.447117,49133.000,6086,2,EL,1,100,26457.199219
1671015035.513703,49197.500,6103,2,EL,1,100,26457.800781
1671015035.580289,49262.000,6103,2,EL,1,100,26457.199219
1671015035.647391,49327.000,6122,1,EL,1,100,26458.000000
1671015035.713460,49391.000,6140,2,EL,1,100,26457.400391
1671015035.779530,49455.000,6140,2,EL,1,100,26458.000000
1671015035.845599,49519.000,6156,1,EL,1,100,26457.800781
1671015035.912701,49584.000,6171,2,EL,1,100,26457.800781
1671015035.979803,49649.000,6171,2,EL,1,100,26457.800781
1671015036.046905,49714.000,6188,1,EL,1,100,26458.000000
1671015036.115039,49780.000,6210,2,EL,1,100,26457.800781
1671015036.183174,49846.000,6210,2,EL,1,100,26458.199219
1671015036.249243,49910.000,6226,1,EL,1,100,26458.000000
1671015036.315829,49974.500,6243,2,EL,1,100,26458.000000
1671015036.382415,50039.000,6243,2,EL,1,100,26458.000000
1671015036.447968,50102.500,6258,2,EL,1,100,26458.400391
1671015036.513522,50166.000,6258,2,EL,1,100,26458.199219
1671015036.581656,50232.000,6283,1,EL,1,100,26458.599609
1671015036.647209,50295.500,6300,2,EL,1,100,26458.199219
1671015036.712763,50359.000,6300,2,EL,1,100,26458.800781
1671015036.780897,50425.000,6317,1,EL,1,100,26458.000000
1671015036.847999,50490.000,6331,2,EL,1,100,26459.000000
1671015036.915101,50555.000,6331,2,EL,1,100,26458.599609
1671015036.981686,50619.500,6349,2,EL,1,100,26459.000000
1671015037.048272,50684.000,6349,2,EL,1,100,26458.800781
1671015037.114342,50748.000,6370,1,EL,1,100,26459.000000
1671015037.181444,50813.000,6387,2,EL,1,100,26458.199219
1671015037.248546,50878.000,6387,2,EL,1,100,26459.000000
1671015037.313583,50941.000,6403,1,EL,1,100,26459.000000
1671015037.379136,51004.500,6419,2,EL,1,100,26459.000000
1671015037.444690,51068.000,6419,2,EL,1,100,26458.000000
1671015037.512824,51134.000,6435,1,EL,1,100,26459.000000
1671015037.579926,51199.000,6455,2,EL,1,100,26458.599609
1671015037.647028,51264.000,6455,2,EL,1,100,26459.000000
1671015037.714129,51329.000,6474,2,EL,1,100,26458.800781
1671015037.781231,51394.000,6474,2,EL,1,100,26459.000000
1671015037.847301,51458.000,6491,1,EL,1,100,26458.800781
1671015037.913887,51522.500,6505,2,EL,1,100,26459.000000
1671015037.980473,51587.000,6505,2,EL,1,100,26459.000000
1671015038.046542,51651.000,6523,1,EL,1,100,26459.000000
1671015038.112612,51715.000,6544,2,EL,1,100,26458.599609
1671015038.178681,51779.000,6544,2,EL,1,100,26459.000000
1671015038.245783,51844.000,6561,2,EL,1,100,26458.199219
1671015038.312885,51909.000,6561,2,EL,1,100,26459.000000
1671015038.379987,51974.000,6578,1,EL,1,100,26458.800781
1671015038.448121,52040.000,6593,2,EL,1,100,26459.000000
1671015038.516255,52106.000,6593,2,EL,1,100,26458.800781
1671015038.583357,52171.000,6612,1,EL,1,100,26459.199219
1671015038.649943,52235.500,6630,2,EL,1,100,26458.800781
1671015038.716529,52300.000,6630,2,EL,1,100,26459.000000
1671015038.779501,52361.000,6646,1,EL,1,100,26459.000000
1671015038.846087,52425.500,6664,2,EL,1,100,26459.000000
1671015038.912673,52490.000,6664,2,EL,1,100,26459.000000
1671015038.980291,52555.500,6680,2,EL,1,100,26459.199219
1671015039.047909,52621.000,6680,2,EL,1,100,26458.800781
1671015039.116043,52687.000,6699,1,EL,1,100,26458.800781
1671015039.183145,52752.000,6718,2,EL,1,100,26458.800781
1671015039.250247,52817.000,6718,2,EL,1,100,26458.800781
1671015039.316317,52881.000,6735,1,EL,1,100,26458.599609
1671015039.382902,52945.500,6750,2,EL,1,100,26459.000000
1671015039.449488,53010.000,6750,2,EL,1,100,26458.400391
1671015039.516590,53075.000,6767,1,EL,1,100,26458.800781
1671015039.582143,53138.500,6786,2,EL,1,100,26459.000000
1671015039.647697,53202.000,6786,2,EL,1,100,26458.800781
1671015039.712734,53265.000,6804,1,EL,1,100,26458.199219
1671015039.779320,53329.500,6819,2,EL,1,100,26458.800781
1671015039.845906,53394.000,6819,2,EL,1,100,26458.199219
1671015039.914040,53460.000,6835,2,EL,1,100,26458.599609
1671015039.982174,53526.000,6835,2,EL,1,100,26458.800781
1671015040.049276,53591.000,6852,1,EL,1,100,26458.800781
1671015040.115862,53655.500,6874,2,EL,1,100,26458.000000
1671015040.182447,53720.000,6874,2,EL,1,100,26459.000000
1671015040.246452,53782.000,6890,1,EL,1,100,26458.599609
1671015040.313038,53846.500,6906,2,EL,1,100,26459.000000
1671015040.379624,53911.000,6906,2,EL,1,100,26458.199219
1671015040.445693,53975.000,6922,1,EL,1,100,26458.599609
1671015040.513311,54040.500,6942,2,EL,1,100,26458.199219
1671015040.580930,54106.000,6942,2,EL,1,100,26458.800781
1671015040.647515,54170.500,6959,2,EL,1,100,26458.400391
1671015040.714101,54235.000,6959,2,EL,1,100,26458.199219
1671015040.779138,54298.000,6976,1,EL,1,100,26458.000000
1671015040.844692,54361.500,6990,2,EL,1,100,26459.000000
1671015040.910245,54425.000,6990,2,EL,1,100,26458.199219
1671015040.977347,54490.000,7007,1,EL,1,100,26458.400391
1671015041.043417,54554.000,7029,2,EL,1,100,26458.000000
1671015041.109486,54618.000,7029,2,EL,1,100,26458.400391
1671015041.175556,54682.000,7046,2,EL,1,100,26458.000000
1671015041.241625,54746.000,7046,2,EL,1,100,26458.800781
1671015041.309759,54812.000,7062,1,EL,1,100,26458.400391
1671015041.377378,54877.500,7078,2,EL,1,100,26458.199219
1671015041.444996,54943.000,7078,2,EL,1,100,26458.199219
1671015041.512098,55008.000,7094,1,EL,1,100,26458.000000
1671015041.578683,55072.500,7114,2,EL,1,100,26457.599609
1671015041.645269,55137.000,7114,2,EL,1,100,26458.000000
1671015041.710306,55200.000,7131,1,EL,1,100,26458.000000
1671015041.776892,55264.500,7151,2,EL,1,100,26458.000000
1671015041.843478,55329.000,7151,2,EL,1,100,26457.400391
1671015041.909547,55393.000,7167,2,EL,1,100,26458.000000
1671015041.975617,55457.000,7167,2,EL,1,100,26457.400391
1671015042.041686,55521.000,7186,2,EL,1,100,26457.800781
1671015042.107756,55585.000,7186,2,EL,1,100,26457.599609
1671015042.174858,55650.000,7206,1,EL,1,100,26458.199219
1671015042.240927,55714.000,7223,2,EL,1,100,26458.000000
1671015042.306997,55778.000,7223,2,EL,1,100,26458.000000
1671015042.373067,55842.000,7240,1,EL,1,100,26458.000000
1671015042.439652,55906.500,7255,2,EL,1,100,26457.800781
1671015042.506238,55971.000,7255,2,EL,1,100,26457.599609
1671015042.572308,56035.000,7271,1,EL,1,100,26458.000000
1671015042.638893,56099.500,7292,2,EL,1,100,26457.199219
1671015042.705479,56164.000,7292,2,EL,1,100,26457.599609
1671015042.773097,56229.500,7308,2,EL,1,100,26458.000000
1671015042.840715,56295.000,7308,2,EL,1,100,26457.800781
1671015042.905752,56358.000,7325,1,EL,1,100,26457.199219
1671015042.972338,56422.500,7340,2,EL,1,100,26457.599609
1671015043.038924,56487.000,7340,2,EL,1,100,26457.599609
1671015043.104994,56551.000,7359,1,EL,1,100,26458.000000
1671015043.171063,56615.000,7378,2,EL,1,100,26457.199219
1671015043.237133,56679.000,7378,2,EL,1,100,26457.800781
1671015043.302170,56742.000,7395,1,EL,1,100,26457.599609
1671015043.369272,56807.000,7411,2,EL,1,100,26457.599609
1671015043.436374,56872.000,7411,2,EL,1,100,26457.000000
1671015043.502959,56936.500,7427,2,EL,1,100,26458.000000
1671015043.569545,57001.000,7427,2,EL,1,100,26457.199219
1671015043.635615,57065.000,7446,1,EL,1,100,26457.800781
1671015043.701684,57129.000,7464,2,EL,1,100,26457.000000
1671015043.767754,57193.000,7464,2,EL,1,100,26457.400391
1671015043.833823,57257.000,7480,1,EL,1,100,26457.000000
1671015043.900925,57322.000,7495,2,EL,1,100,26457.000000
1671015043.968027,57387.000,7495,2,EL,1,100,26457.000000
1671015044.035129,57452.000,7512,1,EL,1,100,26457.199219
1671015044.101715,57516.500,7534,2,EL,1,100,26457.199219
1671015044.168301,57581.000,7534,2,EL,1,100,26457.400391
1671015044.234370,57645.000,7550,2,EL,1,100,26457.000000
1671015044.300440,57709.000,7550,2,EL,1,100,26457.000000
1671015044.365477,57772.000,7567,1,EL,1,100,26457.199219
1671015044.432579,57837.000,7582,2,EL,1,100,26457.599609
1671015044.499681,57902.000,7582,2,EL,1,100,26457.000000
1671015044.565234,57965.500,7602,2,EL,1,100,26457.400391
1671015044.630788,58029.000,7602,2,EL,1,100,26456.599609
1671015044.697890,58094.000,7619,1,EL,1,100,26457.000000
1671015044.763959,58158.000,7636,2,EL,1,100,26457.000000
1671015044.830029,58222.000,7636,2,EL,1,100,26457.000000
1671015044.897131,58287.000,7652,1,EL,1,100,26457.000000
1671015044.963716,58351.500,7668,2,EL,1,100,26457.199219
1671015045.030302,58416.000,7668,2,EL,1,100,26457.000000
1671015045.096372,58480.000,7689,2,EL,1,100,26457.400391
1671015045.162441,58544.000,7689,2,EL,1,100,26457.199219
1671015045.228511,58608.000,7706,1,EL,1,100,26457.400391
1671015045.296645,58674.000,7723,2,EL,1,100,26457.000000
1671015045.364779,58740.000,7723,2,EL,1,100,26457.000000
1671015045.429816,58803.000,7740,1,EL,1,100,26457.000000
1671015045.496402,58867.500,7754,2,EL,1,100,26457.199219
1671015045.562988,58932.000,7754,2,EL,1,100,26456.599609
1671015045.630090,58997.000,7774,1,EL,1,100,26457.000000
1671015045.696159,59061.000,7791,2,EL,1,100,26456.199219
1671015045.762229,59125.000,7791,2,EL,1,100,26457.000000
1671015045.828299,59189.000,7808,2,EL,1,100,26455.800781
1671015045.894368,59253.000,7808,2,EL,1,100,26456.199219
1671015045.960438,59317.000,7823,1,EL,1,100,26456.000000
1671015046.026507,59381.000,7845,2,EL,1,100,26455.599609
1671015046.092577,59445.000,7845,2,EL,1,100,26452.400391
1671015046.160711,59511.000,7861,1,EL,1,100,26449.000000
1671015046.227297,59575.500,7878,2,EL,1,100,26457.199219
1671015046.293883,59640.000,7878,2,EL,1,100,26458.199219
1671015046.360468,59704.500,7895,2,EL,1,100,26457.199219
1671015046.427054,59769.000,7895,2,EL,1,100,26458.000000
1671015046.491059,59831.000,7911,1,EL,1,100,26457.199219
1671015046.557645,59895.500,7926,2,EL,1,100,26457.599609
1671015046.624230,59960.000,7926,2,EL,1,100,26457.000000
1671015046.690300,60024.000,7947,1,EL,1,100,26456.599609
1671015046.758434,60090.000,7963,2,EL,1,100,26455.000000
1671015046.826569,60156.000,7963,2,EL,1,100,26451.000000
1671015046.892638,60220.000,7982,1,EL,1,100,26452.199219
1671015046.959224,60284.500,7997,2,EL,1,100,26458.800781
1671015047.025810,60349.000,7997,2,EL,1,100,26459.000000
1671015047.092567,60413.667,8020,3,EL,1,100,26459.000000
1671015047.159325,60478.333,8020,3,EL,1,100,26457.599609
1671015047.226083,60543.000,8020,3,EL,1,100,26456.800781
1671015047.291636,60606.500,8039,2,EL,1,100,26457.599609
1671015047.357190,60670.000,8039,2,EL,1,100,26458.599609
1671015047.423775,60734.500,8056,2,EL,1,100,26456.800781
1671015047.490361,60799.000,8056,2,EL,1,100,26457.599609
1671015047.555398,60862.000,8071,1,EL,1,100,26457.400391
1671015047.623533,60928.000,8091,2,EL,1,100,26457.800781
1671015047.691667,60994.000,8091,2,EL,1,100,26456.800781
1671015047.758769,61059.000,8107,1,EL,1,100,26452.599609
1671015047.825355,61123.500,8124,2,EL,1,100,26454.199219
1671015047.891940,61188.000,8124,2,EL,1,100,26459.000000
1671015047.958010,61252.000,8142,1,EL,1,100,26458.800781
1671015048.024080,61316.000,8163,2,EL,1,100,26458.800781
1671015048.090149,61380.000,8163,2,EL,1,100,26458.199219
1671015048.156219,61444.000,8179,1,EL,1,100,26458.599609
1671015048.224353,61510.000,8196,2,EL,1,100,26457.199219
1671015048.292487,61576.000,8196,2,EL,1,100,26458.000000
1671015048.360621,61642.000,8213,2,EL,1,100,26458.000000
1671015048.428756,61708.000,8213,2,EL,1,100,26458.199219
1671015048.495857,61773.000,8230,1,EL,1,100,26457.599609
1671015048.562443,61837.500,8247,2,EL,1,100,26458.000000
1671015048.629029,61902.000,8247,2,EL,1,100,26457.400391
1671015048.696131,61967.000,8265,1,EL,1,100,26457.599609
1671015048.761168,62030.000,8281,2,EL,1,100,26457.199219
1671015048.826205,62093.000,8281,2,EL,1,100,26457.400391
1671015048.892275,62157.000,8298,1,EL,1,100,26457.000000
1671015048.959893,62222.500,8314,2,EL,1,100,26456.800781
1671015049.027511,62288.000,8314,2,EL,1,100,26456.599609
1671015049.095645,62354.000,8335,1,EL,1,100,26457.599609
1671015049.162747,62419.000,8351,2,EL,1,100,26457.199219
1671015049.229849,62484.000,8351,2,EL,1,100,26456.599609
1671015049.295919,62548.000,8369,2,EL,1,100,26457.000000
1671015049.361988,62612.000,8369,2,EL,1,100,26458.000000
1671015049.429090,62677.000,8385,1,EL,1,100,26458.000000
1671015049.495160,62741.000,8400,2,EL,1,100,26458.000000
1671015049.561229,62805.000,8400,2,EL,1,100,26457.199219
1671015049.627299,62869.000,8419,1,EL,1,100,26457.800781
1671015049.693885,62933.500,8437,2,EL,1,100,26457.199219
1671015049.760470,62998.000,8437,2,EL,1,100,26457.800781
1671015049.825508,63061.000,8453,1,EL,1,100,26457.400391
1671015049.893642,63127.000,8469,2,EL,1,100,26458.000000
1671015049.961776,63193.000,8469,2,EL,1,100,26458.000000
1671015050.028362,63257.500,8487,2,EL,1,100,26458.000000
1671015050.094948,63322.000,8487,2,EL,1,100,26457.199219
1671015050.162050,63387.000,8507,1,EL,1,100,26458.000000
1671015050.227087,63450.000,8523,2,EL,1,100,26457.199219
1671015050.292124,63513.000,8523,2,EL,1,100,26457.599609
1671015050.359226,63578.000,8541,1,EL,1,100,26457.599609
1671015050.426328,63643.000,8557,2,EL,1,100,26458.000000
1671015050.493430,63708.000,8557,2,EL,1,100,26457.199219
1671015050.562596,63775.000,8574,1,EL,1,100,26457.599609
1671015050.629698,63840.000,8594,2,EL,1,100,26457.199219
1671015050.696800,63905.000,8594,2,EL,1,100,26457.199219
1671015050.762870,63969.000,8611,2,EL,1,100,26456.800781
1671015050.828939,64033.000,8611,2,EL,1,100,26456.199219
1671015050.893976,64096.000,8626,1,EL,1,100,26456.599609
1671015050.960046,64160.000,8643,2,EL,1,100,26457.000000
1671015051.026116,64224.000,8643,2,EL,1,100,26456.599609
1671015051.093217,64289.000,8661,1,EL,1,100,26457.599609
1671015051.159287,64353.000,8678,2,EL,1,100,26456.400391
1671015051.225357,64417.000,8678,2,EL,1,100,26457.199219
1671015051.293491,64483.000,8697,1,EL,1,100,26456.400391
1671015051.361109,64548.500,8713,2,EL,1,100,26456.800781
1671015051.428727,64614.000,8713,2,EL,1,100,26455.800781
1671015051.495829,64679.000,8729,1,EL,1,100,26456.199219
1671015051.561898,64743.000,8746,2,EL,1,100,26455.400391
1671015051.627968,64807.000,8746,2,EL,1,100,26456.800781
1671015051.694038,64871.000,8766,2,EL,1,100,26455.599609
1671015051.760107,64935.000,8766,2,EL,1,100,26455.400391
1671015051.826177,64999.000,8783,1,EL,1,100,26453.400391
1671015051.892246,65063.000,8797,2,EL,1,100,26454.000000
1671015051.958316,65127.000,8797,2,EL,1,100,26453.400391
1671015052.026450,65193.000,8815,1,EL,1,100,26454.599609
1671015052.092004,65256.500,8834,2,EL,1,100,26452.800781
1671015052.157557,65320.000,8834,2,EL,1,100,26454.599609
1671015052.223627,65384.000,8853,2,EL,1,100,26455.000000
1671015052.289696,65448.000,8853,2,EL,1,100,26456.800781
1671015052.355766,65512.000,8878,3,EL,1,100,26455.800781
1671015052.421835,65576.000,8878,3,EL,1,100,26455.800781
1671015052.487905,65640.000,8878,3,EL,1,100,26456.599609
1671015052.553974,65704.000,8894,1,EL,1,100,26456.800781
1671015052.620560,65768.500,8913,2,EL,1,100,26455.400391
1671015052.687146,65833.000,8913,2,EL,1,100,26455.800781
1671015052.755280,65899.000,8931,1,EL,1,100,26455.400391
1671015052.822898,65964.500,8946,2,EL,1,100,26455.000000
1671015052.890516,66030.000,8946,2,EL,1,100,26454.000000
1671015052.958651,66096.000,8962,1,EL,1,100,26455.000000
1671015053.024204,66159.500,8983,2,EL,1,100,26454.800781
1671015053.089757,66223.000,8983,2,EL,1,100,26456.000000
1671015053.155827,66287.000,8999,2,EL,1,100,26455.000000
1671015053.221896,66351.000,8999,2,EL,1,100,26455.000000
1671015053.286934,66414.000,9018,1,EL,1,100,26454.199219
1671015053.354036,66479.000,9035,2,EL,1,100,26455.199219
1671015053.421138,66544.000,9035,2,EL,1,100,26454.199219
1671015053.487207,66608.000,9052,1,EL,1,100,26455.599609
1671015053.553793,66672.500,9071,2,EL,1,100,26453.000000
1671015053.620378,66737.000,9071,2,EL,1,100,26454.800781
1671015053.686448,66801.000,9089,2,EL,1,100,26454.199219
1671015053.752518,66865.000,9089,2,EL,1,100,26456.000000
1671015053.819103,66929.500,9105,2,EL,1,100,26456.400391
1671015053.885689,66994.000,9105,2,EL,1,100,26457.000000
1671015053.951759,67058.000,9122,1,EL,1,100,26456.599609
1671015054.018344,67122.500,9139,2,EL,1,100,26456.800781
1671015054.084930,67187.000,9139,2,EL,1,100,26455.800781
1671015054.152032,67252.000,9157,1,EL,1,100,26456.800781
1671015054.218102,67316.000,9175,2,EL,1,100,26456.199219
1671015054.284171,67380.000,9175,2,EL,1,100,26456.400391
1671015054.349209,67443.000,9193,1,EL,1,100,26455.400391
1671015054.416310,67508.000,9208,2,EL,1,100,26456.199219
1671015054.483412,67573.000,9208,2,EL,1,100,26455.400391
1671015054.548966,67636.500,9224,2,EL,1,100,26456.000000
1671015054.614519,67700.000,9224,2,EL,1,100,26454.599609
1671015054.681621,67765.000,9244,1,EL,1,100,26456.000000
1671015054.747691,67829.000,9261,2,EL,1,100,26455.199219
1671015054.813760,67893.000,9261,2,EL,1,100,26455.599609
1671015054.880862,67958.000,9277,1,EL,1,100,26454.199219
1671015054.946932,68022.000,9293,2,EL,1,100,26454.599609
1671015055.013001,68086.000,9293,2,EL,1,100,26455.000000
1671015055.081136,68152.000,9311,1,EL,1,100,26455.800781
1671015055.146689,68215.500,9331,2,EL,1,100,26454.199219
1671015055.212242,68279.000,9331,2,EL,1,100,26455.599609
1671015055.280376,68345.000,9348,2,EL,1,100,26454.199219
1671015055.348511,68411.000,9348,2,EL,1,100,26455.599609
1671015055.413548,68474.000,9365,1,EL,1,100,26454.400391
1671015055.480134,68538.500,9379,2,EL,1,100,26454.199219
1671015055.546720,68603.000,9379,2,EL,1,100,26453.000000
1671015055.613821,68668.000,9396,1,EL,1,100,26455.400391
1671015055.679891,68732.000,9414,2,EL,1,100,26453.400391
1671015055.745960,68796.000,9414,2,EL,1,100,26455.199219
1671015055.813062,68861.000,9433,1,EL,1,100,26454.199219
1671015055.879132,68925.000,9447,2,EL,1,100,26454.000000
1671015055.945202,68989.000,9447,2,EL,1,100,26454.599609
1671015056.011271,69053.000,9467,2,EL,1,100,26455.400391
1671015056.077341,69117.000,9467,2,EL,1,100,26453.599609
1671015056.144443,69182.000,9486,1,EL,1,100,26455.199219
1671015056.211028,69246.500,9505,2,EL,1,100,26455.199219
1671015056.277614,69311.000,9505,2,EL,1,100,26455.400391
1671015056.343684,69375.000,9522,1,EL,1,100,26454.199219
1671015056.409237,69438.500,9537,2,EL,1,100,26454.400391
1671015056.474790,69502.000,9537,2,EL,1,100,26453.800781
1671015056.541376,69566.500,9554,2,EL,1,100,26454.599609
1671015056.607962,69631.000,9554,2,EL,1,100,26453.599609
1671015056.674031,69695.000,9574,1,EL,1,100,26455.199219
1671015056.742166,69761.000,9590,2,EL,1,100,26453.400391
1671015056.810300,69827.000,9590,2,EL,1,100,26454.800781
1671015056.876369,69891.000,9607,1,EL,1,100,26453.800781
1671015056.942955,69955.500,9622,2,EL,1,100,26454.599609
1671015057.009541,70020.000,9622,2,EL,1,100,26452.800781
1671015057.075611,70084.000,9644,1,EL,1,100,26454.599609
1671015057.142713,70149.000,9660,2,EL,1,100,26453.800781
1671015057.209814,70214.000,9660,2,EL,1,100,26454.800781
1671015057.276400,70278.500,9678,2,EL,1,100,26453.199219
1671015057.342986,70343.000,9678,2,EL,1,100,26454.599609
1671015057.409055,70407.000,9694,2,EL,1,100,26453.000000
1671015057.475125,70471.000,9694,2,EL,1,100,26454.800781
1671015057.542227,70536.000,9713,2,EL,1,100,26456.199219
1671015057.609329,70601.000,9713,2,EL,1,100,26457.400391
1671015057.676431,70666.000,9738,2,EL,1,100,26457.000000
1671015057.743533,70731.000,9738,2,EL,1,100,26457.400391
1671015057.809602,70795.000,9755,1,EL,1,100,26456.599609
1671015057.876188,70859.500,9769,2,EL,1,100,26456.599609
1671015057.942774,70924.000,9769,2,EL,1,100,26455.599609
1671015058.008843,70988.000,9787,1,EL,1,100,26456.400391
1671015058.074913,71052.000,9808,2,EL,1,100,26455.400391
1671015058.140982,71116.000,9808,2,EL,1,100,26456.000000
1671015058.208601,71181.500,9825,2,EL,1,100,26455.599609
1671015058.276219,71247.000,9825,2,EL,1,100,26457.000000
1671015058.342288,71311.000,9842,1,EL,1,100,26456.000000
1671015058.408874,71375.500,9857,2,EL,1,100,26456.000000
1671015058.475460,71440.000,9857,2,EL,1,100,26454.800781
1671015058.542562,71505.000,9873,1,EL,1,100,26456.800781
1671015058.609147,71569.500,9894,2,EL,1,100,26455.400391
1671015058.675733,71634.000,9894,2,EL,1,100,26455.000000
1671015058.738706,71695.000,9910,1,EL,1,100,26454.599609
1671015058.805291,71759.500,9926,2,EL,1,100,26455.000000
1671015058.871877,71824.000,9926,2,EL,1,100,26453.199219
1671015058.939495,71889.500,9942,2,EL,1,100,26451.599609
1671015059.007113,71955.000,9942,2,EL,1,100,26442.400391
1671015059.075248,72021.000,9961,1,EL,1,100,26413.800781
1671015059.142349,72086.000,9982,2,EL,1,100,26396.400391
1671015059.209451,72151.000,9982,2,EL,1,100,26451.000000
1671015059.275521,72215.000,9999,1,EL,1,100,26431.199219
1671015059.342107,72279.500,10016,2,EL,1,100,26382.599609
1671015059.408692,72344.000,10016,2,EL,1,100,26448.599609
1671015059.475794,72409.000,10033,1,EL,1,100,26460.000000
1671015059.541348,72472.500,10049,2,EL,1,100,26459.199219
1671015059.606901,72536.000,10049,2,EL,1,100,26453.800781
1671015059.673487,72600.500,10070,2,EL,1,100,26451.400391
1671015059.740072,72665.000,10070,2,EL,1,100,26450.199219
1671015059.805110,72728.000,10086,1,EL,1,100,26458.199219
1671015059.873244,72794.000,10101,2,EL,1,100,26459.400391
1671015059.941378,72860.000,10101,2,EL,1,100,26459.000000
1671015060.008480,72925.000,10118,1,EL,1,100,26458.599609
1671015060.075066,72989.500,10140,2,EL,1,100,26453.800781
1671015060.141652,73054.000,10140,2,EL,1,100,26454.000000
1671015060.205657,73116.000,10156,1,EL,1,100,26437.199219
1671015060.272242,73180.500,10172,2,EL,1,100,26406.199219
1671015060.338828,73245.000,10172,2,EL,1,100,26415.599609
1671015060.404897,73309.000,10188,1,EL,1,100,26449.000000
1671015060.473548,73375.500,10205,2,EL,1,100,26460.000000
1671015060.542198,73442.000,10205,2,EL,1,100,26459.800781
1671015060.608784,73506.500,10222,2,EL,1,100,26459.599609
1671015060.675370,73571.000,10222,2,EL,1,100,26459.199219
1671015060.742472,73636.000,10242,1,EL,1,100,26455.800781
1671015060.809574,73701.000,10256,2,EL,1,100,26453.599609
1671015060.876676,73766.000,10256,2,EL,1,100,26454.000000
1671015060.943778,73831.000,10273,1,EL,1,100,26452.400391
1671015061.009847,73895.000,10292,2,EL,1,100,26445.400391
1671015061.075917,73959.000,10292,2,EL,1,100,26447.599609
1671015061.141986,74023.000,10312,1,EL,1,100,26454.599609
1671015061.209088,74088.000,10327,2,EL,1,100,26459.800781
1671015061.276190,74153.000,10327,2,EL,1,100,26460.400391
1671015061.344324,74219.000,10344,1,EL,1,100,26457.800781
1671015061.411426,74284.000,10360,2,EL,1,100,26439.800781
1671015061.478528,74349.000,10360,2,EL,1,100,26448.000000
1671015061.544598,74413.000,10377,2,EL,1,100,26439.599609
1671015061.610667,74477.000,10377,2,EL,1,100,26409.599609
1671015061.675704,74540.000,10397,1,EL,1,100,26422.000000
1671015061.741774,74604.000,10412,2,EL,1,100,26460.000000
1671015061.807843,74668.000,10412,2,EL,1,100,26460.199219
1671015061.875978,74734.000,10430,1,EL,1,100,26453.800781
1671015061.942564,74798.500,10448,2,EL,1,100,26447.199219
1671015062.009149,74863.000,10448,2,EL,1,100,26446.599609
1671015062.074703,74926.500,10466,2,EL,1,100,26428.800781
1671015062.140256,74990.000,10466,2,EL,1,100,26418.599609
1671015062.207358,75055.000,10485,1,EL,1,100,26426.400391
1671015062.272911,75118.500,10502,2,EL,1,100,26457.199219
1671015062.338465,75182.000,10502,2,EL,1,100,26460.400391
1671015062.404534,75246.000,10518,2,EL,1,100,26459.000000
1671015062.470604,75310.000,10518,2,EL,1,100,26453.199219
1671015062.536674,75374.000,10534,1,EL,1,100,26450.599609
1671015062.603259,75438.500,10555,2,EL,1,100,26429.199219
1671015062.669845,75503.000,10555,2,EL,1,100,26435.800781
1671015062.737979,75569.000,10571,1,EL,1,100,26456.599609
1671015062.805597,75634.500,10586,2,EL,1,100,26459.800781
1671015062.873215,75700.000,10586,2,EL,1,100,26456.400391
1671015062.940317,75765.000,10607,1,EL,1,100,26453.599609
1671015063.006387,75829.000,10627,2,EL,1,100,26448.800781
1671015063.072456,75893.000,10627,2,EL,1,100,26446.400391
1671015063.138526,75957.000,10648,2,EL,1,100,26440.800781
1671015063.204596,76021.000,10648,2,EL,1,100,26455.400391
1671015063.269633,76084.000,10664,1,EL,1,100,26458.800781
1671015063.336735,76149.000,10680,2,EL,1,100,26457.599609
1671015063.403837,76214.000,10680,2,EL,1,100,26456.199219
1671015063.469906,76278.000,10697,1,EL,1,100,26456.000000
1671015063.536492,76342.500,10713,2,EL,1,100,26454.199219
1671015063.603078,76407.000,10713,2,EL,1,100,26454.199219
1671015063.669147,76471.000,10732,2,EL,1,100,26452.000000
1671015063.735217,76535.000,10732,2,EL,1,100,26452.000000
1671015063.801286,76599.000,10750,1,EL,1,100,26451.199219
1671015063.867872,76663.500,10765,2,EL,1,100,26452.199219
1671015063.934458,76728.000,10765,2,EL,1,100,26450.599609
1671015064.001560,76793.000,10782,1,EL,1,100,26452.599609
1671015064.068146,76857.500,10802,2,EL,1,100,26450.000000
1671015064.134731,76922.000,10802,2,EL,1,100,26451.800781
1671015064.200801,76986.000,10820,2,EL,1,100,26449.400391
1671015064.266870,77050.000,10820,2,EL,1,100,26450.599609
1671015064.331908,77113.000,10837,1,EL,1,100,26449.000000
1671015064.399009,77178.000,10852,2,EL,1,100,26450.599609
1671015064.466111,77243.000,10852,2,EL,1,100,26449.199219
1671015064.531149,77306.000,10869,1,EL,1,100,26451.800781
1671015064.597734,77370.500,10888,2,EL,1,100,26448.000000
1671015064.664320,77435.000,10888,2,EL,1,100,26450.800781
1671015064.730390,77499.000,10908,1,EL,1,100,26447.800781
1671015064.796975,77563.500,10922,2,EL,1,100,26447.599609
1671015064.863561,77628.000,10922,2,EL,1,100,26446.800781
1671015064.929631,77692.000,10940,2,EL,1,100,26448.800781
1671015064.995700,77756.000,10940,2,EL,1,100,26446.199219
1671015065.063835,77822.000,10958,1,EL,1,100,26448.800781
1671015065.129388,77885.500,10978,2,EL,1,100,26445.000000
1671015065.194941,77949.000,10978,2,EL,1,100,26449.400391
1671015065.262043,78014.000,10994,1,EL,1,100,26446.000000
1671015065.329145,78079.000,11010,2,EL,1,100,26448.199219
1671015065.396247,78144.000,11010,2,EL,1,100,26444.199219
1671015065.463349,78209.000,11026,1,EL,1,100,26448.599609
1671015065.529935,78273.500,11046,2,EL,1,100,26443.800781
1671015065.596520,78338.000,11046,2,EL,1,100,26448.400391
1671015065.662590,78402.000,11063,2,EL,1,100,26446.400391
1671015065.728660,78466.000,11063,2,EL,1,100,26448.800781
1671015065.795762,78531.000,11080,1,EL,1,100,26444.599609
1671015065.861831,78595.000,11094,2,EL,1,100,26447.199219
1671015065.927901,78659.000,11094,2,EL,1,100,26444.199219
1671015065.993970,78723.000,11114,2,EL,1,100,26447.199219
1671015066.060040,78787.000,11114,2,EL,1,100,26445.199219
1671015066.127142,78852.000,11130,1,EL,1,100,26447.000000
1671015066.193727,78916.500,11150,2,EL,1,100,26441.800781
1671015066.260313,78981.000,11150,2,EL,1,100,26447.000000
1671015066.325351,79044.000,11167,1,EL,1,100,26443.199219
1671015066.391420,79108.000,11182,2,EL,1,100,26443.800781
1671015066.457489,79172.000,11182,2,EL,1,100,26443.400391
1671015066.525624,79238.000,11198,1,EL,1,100,26445.400391
1671015066.591177,79301.500,11219,2,EL,1,100,26438.199219
1671015066.656731,79365.000,11219,2,EL,1,100,26444.400391
1671015066.724865,79431.000,11235,2,EL,1,100,26440.599609
1671015066.792999,79497.000,11235,2,EL,1,100,26441.199219
1671015066.859069,79561.000,11252,1,EL,1,100,26438.599609
1671015066.925654,79625.500,11267,2,EL,1,100,26440.000000
1671015066.992240,79690.000,11267,2,EL,1,100,26434.400391
1671015067.058310,79754.000,11286,1,EL,1,100,26439.800781
1671015067.125412,79819.000,11305,2,EL,1,100,26433.000000
1671015067.192513,79884.000,11305,2,EL,1,100,26439.000000
1671015067.257551,79947.000,11322,1,EL,1,100,26434.599609
1671015067.324136,80011.500,11337,2,EL,1,100,26439.000000
1671015067.390722,80076.000,11337,2,EL,1,100,26435.400391
1671015067.456792,80140.000,11354,2,EL,1,100,26436.800781
1671015067.522861,80204.000,11354,2,EL,1,100,26429.599609
1671015067.592028,80271.000,11370,1,EL,1,100,26431.599609
1671015067.659130,80336.000,11391,2,EL,1,100,26424.599609
1671015067.726232,80401.000,11391,2,EL,1,100,26426.599609
1671015067.792301,80465.000,11407,1,EL,1,100,26421.400391
1671015067.858887,80529.500,11422,2,EL,1,100,26419.599609
1671015067.925473,80594.000,11422,2,EL,1,100,26414.400391
1671015067.991542,80658.000,11439,1,EL,1,100,26416.800781
1671015068.057612,80722.000,11460,2,EL,1,100,26420.599609
1671015068.123682,80786.000,11460,2,EL,1,100,26417.599609
1671015068.191816,80852.000,11484,2,EL,1,100,26409.400391
1671015068.259950,80918.000,11484,2,EL,1,100,26405.599609
1671015068.326020,80982.000,11502,1,EL,1,100,26398.199219
1671015068.392605,81046.500,11516,2,EL,1,100,26402.000000
1671015068.459191,81111.000,11516,2,EL,1,100,26396.400391
1671015068.526293,81176.000,11533,1,EL,1,100,26394.800781
1671015068.592879,81240.500,11555,2,EL,1,100,26392.800781
1671015068.659464,81305.000,11555,2,EL,1,100,26391.800781
1671015068.722437,81366.000,11572,1,EL,1,100,26383.400391
1671015068.789023,81430.500,11587,2,EL,1,100,26379.000000
1671015068.855608,81495.000,11587,2,EL,1,100,26372.199219
1671015068.922194,81559.500,11604,2,EL,1,100,26369.599609
1671015068.988780,81624.000,11604,2,EL,1,100,26365.400391
1671015069.056914,81690.000,11622,1,EL,1,100,26363.400391
1671015069.124016,81755.000,11644,2,EL,1,100,26364.599609
1671015069.191118,81820.000,11644,2,EL,1,100,26359.400391
1671015069.257188,81884.000,11663,2,EL,1,100,26353.000000
1671015069.323257,81948.000,11663,2,EL,1,100,26352.800781
1671015069.390359,82013.000,11680,1,EL,1,100,26344.599609
1671015069.455913,82076.500,11694,2,EL,1,100,26336.599609
1671015069.521466,82140.000,11694,2,EL,1,100,26333.400391
1671015069.589600,82206.000,11711,1,EL,1,100,26323.599609
1671015069.657218,82271.500,11731,2,EL,1,100,26317.599609
1671015069.724836,82337.000,11731,2,EL,1,100,26308.199219
1671015069.789874,82400.000,11748,1,EL,1,100,26303.000000
1671015069.858008,82466.000,11762,2,EL,1,100,26298.199219
1671015069.926142,82532.000,11762,2,EL,1,100,26286.599609
1671015069.993244,82597.000,11780,1,EL,1,100,26274.800781
1671015070.059830,82661.500,11801,2,EL,1,100,26263.199219
1671015070.126415,82726.000,11801,2,EL,1,100,26247.199219
1671015070.191453,82789.000,11818,2,EL,1,100,26230.400391
1671015070.256490,82852.000,11818,2,EL,1,100,26222.000000
1671015070.323592,82917.000,11835,1,EL,1,100,26214.199219
1671015070.390694,82982.000,11850,2,EL,1,100,26200.400391
1671015070.457796,83047.000,11850,2,EL,1,100,26191.199219
1671015070.526962,83114.000,11866,1,EL,1,100,26181.199219
1671015070.593548,83178.500,11887,2,EL,1,100,26176.599609
1671015070.660134,83243.000,11887,2,EL,1,100,26164.800781
1671015070.726203,83307.000,11903,1,EL,1,100,26155.599609
1671015070.792273,83371.000,11919,2,EL,1,100,26141.400391
1671015070.858342,83435.000,11919,2,EL,1,100,26119.599609
1671015070.924412,83499.000,11935,2,EL,1,100,26086.199219
1671015070.990481,83563.000,11935,2,EL,1,100,26067.599609
1671015071.057583,83628.000,11954,1,EL,1,100,26041.599609
1671015071.123653,83692.000,11973,2,EL,1,100,26017.800781
1671015071.189723,83756.000,11973,2,EL,1,100,25994.800781
1671015071.257857,83822.000,11992,1,EL,1,100,25973.400391
1671015071.325475,83887.500,12007,2,EL,1,100,25946.199219
1671015071.393093,83953.000,12007,2,EL,1,100,25915.000000
1671015071.460195,84018.000,12024,1,EL,1,100,25887.599609
1671015071.526264,84082.000,12040,2,EL,1,100,25859.599609
1671015071.592334,84146.000,12040,2,EL,1,100,25838.800781
1671015071.658404,84210.000,12063,2,EL,1,100,25816.800781
1671015071.724473,84274.000,12063,2,EL,1,100,25808.800781
1671015071.789510,84337.000,12078,1,EL,1,100,25799.800781
1671015071.857128,84402.500,12094,2,EL,1,100,25776.199219
1671015071.924747,84468.000,12094,2,EL,1,100,25770.599609
1671015071.992881,84534.000,12111,1,EL,1,100,25763.400391
1671015072.058434,84597.500,12130,2,EL,1,100,25745.599609
1671015072.123987,84661.000,12130,2,EL,1,100,25720.800781
1671015072.191089,84726.000,12149,1,EL,1,100,25691.400391
1671015072.257675,84790.500,12165,2,EL,1,100,25654.800781
1671015072.324261,84855.000,12165,2,EL,1,100,25618.599609
1671015072.391363,84920.000,12181,1,EL,1,100,25581.599609
1671015072.456916,84983.500,12198,2,EL,1,100,25546.800781
1671015072.522470,85047.000,12198,2,EL,1,100,25507.000000
1671015072.589055,85111.500,12220,2,EL,1,100,25459.000000
1671015072.655641,85176.000,12220,2,EL,1,100,25417.199219
1671015072.723775,85242.000,12237,1,EL,1,100,25362.199219
1671015072.791394,85307.500,12251,2,EL,1,100,25290.199219
1671015072.859011,85373.000,12251,2,EL,1,100,25210.400391
1671015072.926113,85438.000,12268,1,EL,1,100,25136.000000
1671015072.992183,85502.000,12287,2,EL,1,100,25083.199219
1671015073.058253,85566.000,12287,2,EL,1,100,25045.800781
1671015073.124322,85630.000,12309,2,EL,1,100,25002.599609
1671015073.190392,85694.000,12309,2,EL,1,100,24965.599609
1671015073.255429,85757.000,12325,1,EL,1,100,24922.599609
1671015073.322531,85822.000,12343,2,EL,1,100,24886.000000
1671015073.389633,85887.000,12343,2,EL,1,100,24856.400391
1671015073.456218,85951.500,12364,2,EL,1,100,24826.400391
1671015073.522804,86016.000,12364,2,EL,1,100,24817.800781
1671015073.588874,86080.000,12381,1,EL,1,100,24795.000000
1671015073.654943,86144.000,12401,2,EL,1,100,24777.000000
1671015073.721013,86208.000,12401,2,EL,1,100,24814.000000
1671015073.787082,86272.000,12418,1,EL,1,100,24885.000000
1671015073.853152,86336.000,12433,2,EL,1,100,24891.599609
1671015073.919222,86400.000,12433,2,EL,1,100,24881.000000
1671015073.984775,86463.500,12452,2,EL,1,100,24876.400391
1671015074.050328,86527.000,12452,2,EL,1,100,24880.400391
1671015074.118463,86593.000,12471,1,EL,1,100,24886.800781
1671015074.185565,86658.000,12488,2,EL,1,100,24879.000000
1671015074.252666,86723.000,12488,2,EL,1,100,24876.000000
1671015074.317704,86786.000,12505,1,EL,1,100,24880.400391
1671015074.384806,86851.000,12520,2,EL,1,100,24864.199219
1671015074.451908,86916.000,12520,2,EL,1,100,24862.400391
1671015074.517461,86979.500,12536,2,EL,1,100,24865.000000
1671015074.583014,87043.000,12536,2,EL,1,100,24849.800781
1671015074.650116,87108.000,12557,1,EL,1,100,24842.000000
1671015074.716186,87172.000,12573,2,EL,1,100,24818.599609
1671015074.782255,87236.000,12573,2,EL,1,100,24808.599609
1671015074.849357,87301.000,12594,1,EL,1,100,24804.199219
1671015074.915427,87365.000,12609,2,EL,1,100,24787.400391
1671015074.981497,87429.000,12609,2,EL,1,100,24786.599609
1671015075.049631,87495.000,12628,1,EL,1,100,24767.800781
1671015075.115184,87558.500,12644,2,EL,1,100,24765.400391
1671015075.180737,87622.000,12644,2,EL,1,100,24761.199219
1671015075.246807,87686.000,12664,1,EL,1,100,24750.800781
1671015075.312877,87750.000,12680,2,EL,1,100,24735.800781
1671015075.378946,87814.000,12680,2,EL,1,100,24722.400391
1671015075.445532,87878.500,12698,2,EL,1,100,24696.800781
1671015075.512118,87943.000,12698,2,EL,1,100,24702.599609
1671015075.579220,88008.000,12714,1,EL,1,100,24729.000000
1671015075.645289,88072.000,12732,2,EL,1,100,24756.800781
1671015075.711359,88136.000,12732,2,EL,1,100,24781.199219
1671015075.778461,88201.000,12751,1,EL,1,100,24792.800781
1671015075.844530,88265.000,12766,2,EL,1,100,24782.800781
1671015075.910600,88329.000,12766,2,EL,1,100,24761.400391
1671015075.976669,88393.000,12785,2,EL,1,100,24743.800781
1671015076.042739,88457.000,12785,2,EL,1,100,24724.800781
1671015076.109841,88522.000,12802,1,EL,1,100,24694.000000
1671015076.176427,88586.500,12818,2,EL,1,100,24677.599609
1671015076.243012,88651.000,12818,2,EL,1,100,24677.599609
1671015076.308049,88714.000,12838,1,EL,1,100,24673.400391
1671015076.374119,88778.000,12852,2,EL,1,100,24632.599609
1671015076.440189,88842.000,12852,2,EL,1,100,24560.800781
1671015076.508323,88908.000,12872,1,EL,1,100,24496.199219
1671015076.573876,88971.500,12892,2,EL,1,100,24432.800781
1671015076.639430,89035.000,12892,2,EL,1,100,24374.199219
1671015076.707564,89101.000,12909,2,EL,1,100,24341.599609
1671015076.775698,89167.000,12909,2,EL,1,100,24338.000000
1671015076.841768,89231.000,12927,1,EL,1,100,24341.199219
1671015076.908354,89295.500,12943,2,EL,1,100,24364.000000
1671015076.974939,89360.000,12943,2,EL,1,100,24368.400391
1671015077.041009,89424.000,12961,1,EL,1,100,24381.199219
1671015077.108111,89489.000,12981,2,EL,1,100,24392.199219
1671015077.175213,89554.000,12981,2,EL,1,100,24406.599609
1671015077.241798,89618.500,12998,2,EL,1,100,24417.599609
1671015077.308384,89683.000,12998,2,EL,1,100,24424.000000
1671015077.373421,89746.000,13015,1,EL,1,100,24437.800781
1671015077.438975,89809.500,13031,2,EL,1,100,24437.599609
1671015077.504528,89873.000,13031,2,EL,1,100,24449.800781
1671015077.571630,89938.000,13048,1,EL,1,100,24441.599609
1671015077.638732,90003.000,13068,2,EL,1,100,24430.000000
1671015077.705834,90068.000,13068,2,EL,1,100,24413.199219
1671015077.771904,90132.000,13085,1,EL,1,100,24395.599609
1671015077.838489,90196.500,13100,2,EL,1,100,24369.199219
1671015077.905075,90261.000,13100,2,EL,1,100,24355.599609
1671015077.971144,90325.000,13119,2,EL,1,100,24348.800781
1671015078.037214,90389.000,13119,2,EL,1,100,24339.800781
1671015078.103284,90453.000,13135,1,EL,1,100,24328.400391
1671015078.171418,90519.000,13155,2,EL,1,100,24323.599609
1671015078.239552,90585.000,13155,2,EL,1,100,24314.800781
1671015078.305622,90649.000,13172,1,EL,1,100,24299.199219
1671015078.372207,90713.500,13187,2,EL,1,100,24287.199219
1671015078.438793,90778.000,13187,2,EL,1,100,24278.000000
1671015078.504863,90842.000,13205,2,EL,1,100,24274.000000
1671015078.570932,90906.000,13205,2,EL,1,100,24260.000000
1671015078.639066,90972.000,13224,1,EL,1,100,24252.199219
1671015078.704620,91035.500,13247,4,EL,1,100,24229.800781
1671015078.770173,91099.000,13247,4,EL,1,100,24213.800781
1671015078.835727,91162.500,13247,4,EL,1,100,24197.000000
1671015078.901280,91226.000,13247,4,EL,1,100,24185.400391
1671015078.968382,91291.000,13266,1,EL,1,100,24185.400391
1671015079.036000,91356.500,13285,2,EL,1,100,24176.400391
1671015079.103618,91422.000,13285,2,EL,1,100,24147.800781
1671015079.170720,91487.000,13302,1,EL,1,100,24136.199219
1671015079.236790,91551.000,13324,2,EL,1,100,24143.199219
1671015079.302859,91615.000,13324,2,EL,1,100,24136.599609
1671015079.369961,91680.000,13340,2,EL,1,100,24127.599609
1671015079.437063,91745.000,13340,2,EL,1,100,24128.000000
1671015079.501068,91807.000,13357,1,EL,1,100,24132.400391
1671015079.568686,91872.500,13375,2,EL,1,100,24117.000000
1671015079.636304,91938.000,13375,2,EL,1,100,24106.800781
1671015079.704438,92004.000,13392,1,EL,1,100,24097.400391
1671015079.771024,92068.500,13408,2,EL,1,100,24082.400391
1671015079.837610,92133.000,13408,2,EL,1,100,24068.599609
1671015079.904712,92198.000,13428,2,EL,1,100,24071.000000
1671015079.971814,92263.000,13428,2,EL,1,100,24063.000000
1671015080.037883,92327.000,13446,1,EL,1,100,24058.800781
1671015080.103437,92390.500,13464,2,EL,1,100,24048.599609
1671015080.168990,92454.000,13464,2,EL,1,100,24045.800781
1671015080.235060,92518.000,13480,1,EL,1,100,24029.800781
1671015080.301645,92582.500,13498,2,EL,1,100,24019.000000
1671015080.368231,92647.000,13498,2,EL,1,100,24010.199219
1671015080.436365,92713.000,13514,1,EL,1,100,23999.000000
1671015080.503983,92778.500,13530,2,EL,1,100,23971.000000
1671015080.571601,92844.000,13530,2,EL,1,100,23955.400391
1671015080.638187,92908.500,13547,2,EL,1,100,23940.800781
1671015080.704773,92973.000,13547,2,EL,1,100,23940.400391
1671015080.771875,93038.000,13566,1,EL,1,100,23928.199219
1671015080.837945,93102.000,13584,2,EL,1,100,23927.599609
1671015080.904014,93166.000,13584,2,EL,1,100,23916.800781
1671015080.969051,93229.000,13602,1,EL,1,100,23903.599609
1671015081.035637,93293.500,13620,2,EL,1,100,23891.800781
1671015081.102223,93358.000,13620,2,EL,1,100,23886.599609
1671015081.168292,93422.000,13638,1,EL,1,100,23877.800781
1671015081.236427,93488.000,13657,2,EL,1,100,23866.599609
1671015081.304561,93554.000,13657,2,EL,1,100,23845.199219
1671015081.371663,93619.000,13674,1,EL,1,100,23830.400391
1671015081.438248,93683.500,13691,2,EL,1,100,23827.800781
1671015081.504834,93748.000,13691,2,EL,1,100,23825.800781
1671015081.570388,93811.500,13708,2,EL,1,100,23825.000000
1671015081.635941,93875.000,13708,2,EL,1,100,23825.599609
1671015081.703043,93940.000,13727,1,EL,1,100,23821.000000
1671015081.769629,94004.500,13744,2,EL,1,100,23797.199219
1671015081.836214,94069.000,13744,2,EL,1,100,23778.800781
1671015081.903316,94134.000,13760,1,EL,1,100,23775.800781
1671015081.970418,94199.000,13780,2,EL,1,100,23764.199219
1671015082.037520,94264.000,13780,2,EL,1,100,23761.800781
1671015082.104622,94329.000,13796,1,EL,1,100,23763.800781
1671015082.172240,94394.500,13816,2,EL,1,100,23753.800781
1671015082.239858,94460.000,13816,2,EL,1,100,23740.800781
1671015082.306444,94524.500,13835,2,EL,1,100,23727.599609
1671015082.373030,94589.000,13835,2,EL,1,100,23727.800781
1671015082.438067,94652.000,13852,1,EL,1,100,23718.000000
1671015082.504653,94716.500,13868,2,EL,1,100,23703.000000
1671015082.571238,94781.000,13868,2,EL,1,100,23698.000000
1671015082.637308,94845.000,13889,1,EL,1,100,23690.199219
1671015082.705958,94911.500,13905,2,EL,1,100,23689.599609
1671015082.774609,94978.000,13905,2,EL,1,100,23679.599609
1671015082.840678,95042.000,13922,1,EL,1,100,23663.000000
1671015082.907264,95106.500,13939,2,EL,1,100,23660.599609
1671015082.973850,95171.000,13939,2,EL,1,100,23656.599609
1671015083.038371,95233.500,13958,2,EL,1,100,23654.199219
1671015083.102892,95296.000,13958,2,EL,1,100,23649.000000
1671015083.171026,95362.000,13974,1,EL,1,100,23643.400391
1671015083.237612,95426.500,13995,2,EL,1,100,23620.400391
1671015083.304198,95491.000,13995,2,EL,1,100,23610.800781
1671015083.370267,95555.000,14013,1,EL,1,100,23614.199219
1671015083.436853,95619.500,14028,2,EL,1,100,23603.599609
1671015083.503439,95684.000,14028,2,EL,1,100,23589.800781
1671015083.569508,95748.000,14044,1,EL,1,100,23571.000000
1671015083.635578,95812.000,14065,2,EL,1,100,23557.800781
1671015083.701647,95876.000,14065,2,EL,1,100,23550.599609
1671015083.768233,95940.500,14081,2,EL,1,100,23544.599609
1671015083.834819,96005.000,14081,2,EL,1,100,23535.199219
1671015083.900372,96068.500,14099,2,EL,1,100,23516.400391
1671015083.965926,96132.000,14099,2,EL,1,100,23508.599609
1671015084.030963,96195.000,14122,1,EL,1,100,23499.599609
1671015084.097549,96259.500,14142,2,EL,1,100,23485.000000
1671015084.164134,96324.000,14142,2,EL,1,100,23481.599609
1671015084.233301,96391.000,14158,1,EL,1,100,23476.400391
1671015084.300403,96456.000,14176,2,EL,1,100,23475.000000
1671015084.367505,96521.000,14176,2,EL,1,100,23471.000000
1671015084.433574,96585.000,14192,2,EL,1,100,23465.199219
1671015084.499644,96649.000,14192,2,EL,1,100,23462.199219
1671015084.565713,96713.000,14208,1,EL,1,100,23455.199219
1671015084.632299,96777.500,14227,2,EL,1,100,23447.800781
1671015084.698885,96842.000,14227,2,EL,1,100,23436.800781
1671015084.764955,96906.000,14244,1,EL,1,100,23424.599609
1671015084.831540,96970.500,14260,2,EL,1,100,23399.599609
1671015084.898126,97035.000,14260,2,EL,1,100,23380.000000
1671015084.964195,97099.000,14278,1,EL,1,100,23364.400391
1671015085.030781,97163.500,14296,2,EL,1,100,23356.800781
1671015085.097367,97228.000,14296,2,EL,1,100,23357.199219
1671015085.163437,97292.000,14313,2,EL,1,100,23348.199219
1671015085.229506,97356.000,14313,2,EL,1,100,23348.199219
1671015085.296608,97421.000,14330,1,EL,1,100,23343.000000
1671015085.362678,97485.000,14347,2,EL,1,100,23353.400391
1671015085.428747,97549.000,14347,2,EL,1,100,23337.000000
1671015085.494817,97613.000,14366,1,EL,1,100,23317.199219
1671015085.561403,97677.500,14384,2,EL,1,100,23316.000000
1671015085.627988,97742.000,14384,2,EL,1,100,23302.800781
1671015085.694574,97806.500,14401,2,EL,1,100,23283.400391
1671015085.761160,97871.000,14401,2,EL,1,100,23277.599609
1671015085.827229,97935.000,14420,1,EL,1,100,23263.000000
1671015085.893815,97999.500,14439,2,EL,1,100,23270.199219
1671015085.960401,98064.000,14439,2,EL,1,100,23259.800781
1671015086.025438,98127.000,14458,1,EL,1,100,23241.400391
1671015086.092024,98191.500,14474,2,EL,1,100,23236.199219
1671015086.158610,98256.000,14474,2,EL,1,100,23229.000000
1671015086.224679,98320.000,14495,2,EL,1,100,23219.599609
1671015086.290749,98384.000,14495,2,EL,1,100,23213.199219
1671015086.358883,98450.000,14511,1,EL,1,100,23206.599609
1671015086.424436,98513.500,14528,2,EL,1,100,23209.599609
1671015086.489990,98577.000,14528,2,EL,1,100,23200.400391
1671015086.556059,98641.000,14544,1,EL,1,100,23180.000000
1671015086.623161,98706.000,14564,2,EL,1,100,23158.800781
1671015086.690263,98771.000,14564,2,EL,1,100,23140.000000
1671015086.757365,98836.000,14579,2,EL,1,100,23124.400391
1671015086.824467,98901.000,14579,2,EL,1,100,23121.800781
1671015086.891569,98966.000,14598,1,EL,1,100,23119.000000
1671015086.957639,99030.000,14617,2,EL,1,100,23124.400391
1671015087.023708,99094.000,14617,2,EL,1,100,23120.400391
1671015087.090810,99159.000,14634,1,EL,1,100,23106.199219
1671015087.156879,99223.000,14649,2,EL,1,100,23095.800781
1671015087.222949,99287.000,14649,2,EL,1,100,23080.400391
1671015087.291083,99353.000,14669,1,EL,1,100,23060.000000
1671015087.356637,99416.500,14685,2,EL,1,100,23055.199219
1671015087.422190,99480.000,14685,2,EL,1,100,23046.000000
1671015087.488260,99544.000,14702,2,EL,1,100,23036.199219
1671015087.554329,99608.000,14702,2,EL,1,100,23027.000000
1671015087.619366,99671.000,14719,1,EL,1,100,23014.599609
1671015087.686468,99736.000,14737,2,EL,1,100,22999.599609
1671015087.753570,99801.000,14737,2,EL,1,100,22990.599609
1671015087.820672,99866.000,14753,1,EL,1,100,22981.599609
1671015087.886742,99930.000,14773,2,EL,1,100,22987.599609
1671015087.952811,99994.000,14773,2,EL,1,100,22987.800781
1671015088.018881,100058.000,14791,1,EL,1,100,22989.000000
1671015088.085983,100123.000,14810,2,EL,1,100,22984.599609
1671015088.153085,100188.000,14810,2,EL,1,100,22980.599609
1671015088.220186,100253.000,14826,2,EL,1,100,22971.599609
1671015088.287288,100318.000,14826,2,EL,1,100,22963.000000
1671015088.354390,100383.000,14843,1,EL,1,100,22948.000000
1671015088.420976,100447.500,14859,2,EL,1,100,22937.400391
1671015088.487562,100512.000,14859,2,EL,1,100,22923.400391
1671015088.552599,100575.000,14876,1,EL,1,100,22909.800781
1671015088.618153,100638.500,14896,2,EL,1,100,22906.000000
1671015088.683706,100702.000,14896,2,EL,1,100,22902.400391
1671015088.750808,100767.000,14913,2,EL,1,100,22891.199219
1671015088.817910,100832.000,14913,2,EL,1,100,22881.000000
1671015088.883979,100896.000,14929,1,EL,1,100,22866.800781
1671015088.951597,100961.500,14951,2,EL,1,100,22849.800781
1671015089.019215,101027.000,14951,2,EL,1,100,22849.599609
1671015089.086317,101092.000,14967,1,EL,1,100,22851.599609
1671015089.152903,101156.500,14985,2,EL,1,100,22840.199219
1671015089.219489,101221.000,14985,2,EL,1,100,22838.800781
1671015089.286075,101285.500,15007,2,EL,1,100,22828.000000
1671015089.352660,101350.000,15007,2,EL,1,100,22829.000000
1671015089.419762,101415.000,15024,1,EL,1,100,22820.800781
1671015089.485832,101479.000,15040,2,EL,1,100,22812.000000
1671015089.551901,101543.000,15040,2,EL,1,100,22800.000000
1671015089.619519,101608.500,15061,2,EL,1,100,22792.599609
1671015089.687138,101674.000,15061,2,EL,1,100,22774.800781
1671015089.752175,101737.000,15077,1,EL,1,100,22764.400391
1671015089.818760,101801.500,15094,2,EL,1,100,22762.400391
1671015089.885346,101866.000,15094,2,EL,1,100,22759.599609
1671015089.952448,101931.000,15111,1,EL,1,100,22761.599609
1671015090.019034,101995.500,15130,2,EL,1,100,22758.400391
1671015090.085620,102060.000,15130,2,EL,1,100,22742.400391
1671015090.150657,102123.000,15148,2,EL,1,100,22737.599609
1671015090.215694,102186.000,15148,2,EL,1,100,22716.800781
1671015090.282796,102251.000,15169,1,EL,1,100,22704.400391
1671015090.349382,102315.500,15185,2,EL,1,100,22696.199219
1671015090.415967,102380.000,15185,2,EL,1,100,22693.400391
1671015090.485134,102447.000,15202,1,EL,1,100,22694.400391
1671015090.551720,102511.500,15219,2,EL,1,100,22678.800781
1671015090.618305,102576.000,15219,2,EL,1,100,22671.000000
1671015090.684375,102640.000,15241,1,EL,1,100,22663.800781
1671015090.749928,102703.500,15255,2,EL,1,100,22645.000000
1671015090.815482,102767.000,15255,2,EL,1,100,22628.000000
1671015090.882068,102831.500,15275,2,EL,1,100,22612.000000
1671015090.948653,102896.000,15275,2,EL,1,100,22614.400391
1671015091.016788,102962.000,15293,1,EL,1,100,22613.199219
1671015091.082857,103026.000,15310,2,EL,1,100,22586.800781
1671015091.148927,103090.000,15310,2,EL,1,100,22583.599609
1671015091.217061,103156.000,15331,1,EL,1,100,22576.199219
1671015091.284679,103221.500,15347,2,EL,1,100,22575.000000
1671015091.352297,103287.000,15347,2,EL,1,100,22571.800781
1671015091.419399,103352.000,15363,1,EL,1,100,22565.000000
1671015091.485469,103416.000,15380,2,EL,1,100,22549.000000
1671015091.551538,103480.000,15380,2,EL,1,100,22535.599609
1671015091.616575,103543.000,15397,1,EL,1,100,22529.800781
1671015091.682645,103607.000,15416,2,EL,1,100,22528.599609
1671015091.748714,103671.000,15416,2,EL,1,100,22529.199219
1671015091.816333,103736.500,15433,2,EL,1,100,22529.800781
1671015091.883951,103802.000,15433,2,EL,1,100,22519.599609
1671015091.953117,103869.000,15451,1,EL,1,100,22508.400391
1671015092.019187,103933.000,15469,2,EL,1,100,22508.199219
1671015092.085256,103997.000,15469,2,EL,1,100,22506.199219
1671015092.152014,104061.667,15490,3,EL,1,100,22506.800781
1671015092.218772,104126.333,15490,3,EL,1,100,22505.199219
1671015092.285530,104191.000,15490,3,EL,1,100,22492.599609
1671015092.352632,104256.000,15506,1,EL,1,100,22476.400391
1671015092.418185,104319.500,15523,2,EL,1,100,22444.199219
1671015092.483738,104383.000,15523,2,EL,1,100,22427.199219
1671015092.550840,104448.000,15539,1,EL,1,100,22418.599609
1671015092.617942,104513.000,15560,2,EL,1,100,22422.800781
1671015092.685044,104578.000,15560,2,EL,1,100,22424.000000
1671015092.754211,104645.000,15576,1,EL,1,100,22413.000000
1671015092.820796,104709.500,15593,2,EL,1,100,22408.599609
1671015092.887382,104774.000,15593,2,EL,1,100,22400.400391
1671015092.953452,104838.000,15610,1,EL,1,100,22381.199219
1671015093.017973,104900.500,15628,2,EL,1,100,22379.800781
1671015093.082494,104963.000,15628,2,EL,1,100,22377.599609
1671015093.149080,105027.500,15643,2,EL,1,100,22377.800781
1671015093.215666,105092.000,15643,2,EL,1,100,22373.000000
1671015093.283800,105158.000,15664,1,EL,1,100,22363.800781
1671015093.349869,105222.000,15680,2,EL,1,100,22348.599609
1671015093.415939,105286.000,15680,2,EL,1,100,22341.000000
1671015093.483041,105351.000,15697,1,EL,1,100,22326.599609
1671015093.549110,105415.000,15714,2,EL,1,100,22330.000000
1671015093.615180,105479.000,15714,2,EL,1,100,22317.000000
1671015093.682282,105544.000,15731,1,EL,1,100,22294.800781
1671015093.748868,105608.500,15750,2,EL,1,100,22287.000000
1671015093.815453,105673.000,15750,2,EL,1,100,22282.400391
1671015093.881007,105736.500,15770,2,EL,1,100,22276.400391
1671015093.946560,105800.000,15770,2,EL,1,100,22265.599609
1671015094.011597,105863.000,15788,1,EL,1,100,22252.000000
1671015094.078699,105928.000,15805,2,EL,1,100,22244.400391
1671015094.145801,105993.000,15805,2,EL,1,100,22240.599609
1671015094.214968,106060.000,15824,1,EL,1,100,22236.400391
1671015094.282070,106125.000,15842,2,EL,1,100,22228.599609
1671015094.349172,106190.000,15842,2,EL,1,100,22217.599609
1671015094.416273,106255.000,15858,1,EL,1,100,22219.800781
1671015094.481827,106318.500,15874,2,EL,1,100,22213.000000
1671015094.547380,106382.000,15874,2,EL,1,100,22194.400391
1671015094.613966,106446.500,15898,2,EL,1,100,22170.599609
1671015094.680552,106511.000,15898,2,EL,1,100,22164.199219
1671015094.746621,106575.000,15915,1,EL,1,100,22148.000000
1671015094.813207,106639.500,15933,2,EL,1,100,22147.199219
1671015094.879793,106704.000,15933,2,EL,1,100,22127.199219
1671015094.946895,106769.000,15953,2,EL,1,100,22128.000000
1671015095.013997,106834.000,15953,2,EL,1,100,22138.199219
1671015095.079034,106897.000,15969,1,EL,1,100,22130.000000
1671015095.145103,106961.000,15987,2,EL,1,100,22112.000000
1671015095.211173,107025.000,15987,2,EL,1,100,22106.800781
1671015095.278275,107090.000,16004,1,EL,1,100,22097.800781
1671015095.343312,107153.000,16021,2,EL,1,100,22090.000000
1671015095.408349,107216.000,16021,2,EL,1,100,22080.800781
1671015095.474419,107280.000,16037,1,EL,1,100,22078.400391
1671015095.541005,107344.500,16055,2,EL,1,100,22071.000000
1671015095.607590,107409.000,16055,2,EL,1,100,22069.199219
1671015095.674176,107473.500,16072,2,EL,1,100,22070.000000
1671015095.740762,107538.000,16072,2,EL,1,100,22060.400391
1671015095.806831,107602.000,16089,1,EL,1,100,22050.400391
1671015095.873417,107666.500,16106,2,EL,1,100,22047.199219
1671015095.940003,107731.000,16106,2,EL,1,100,22035.400391
1671015096.005040,107794.000,16125,1,EL,1,100,22020.400391
1671015096.071626,107858.500,16143,2,EL,1,100,22013.400391
1671015096.138212,107923.000,16143,2,EL,1,100,22005.000000
1671015096.204281,107987.000,16160,2,EL,1,100,21990.599609
1671015096.270351,108051.000,16160,2,EL,1,100,21987.599609
1671015096.338485,108117.000,16178,1,EL,1,100,21981.400391
1671015096.404038,108180.500,16195,2,EL,1,100,21982.800781
1671015096.469592,108244.000,16195,2,EL,1,100,21971.800781
1671015096.535661,108308.000,16211,1,EL,1,100,21953.400391
1671015096.602247,108372.500,16230,2,EL,1,100,21941.400391
1671015096.668833,108437.000,16230,2,EL,1,100,21934.800781
1671015096.736967,108503.000,16246,1,EL,1,100,21921.599609
1671015096.803553,108567.500,16265,2,EL,1,100,21929.000000
1671015096.870139,108632.000,16265,2,EL,1,100,21922.800781
1671015096.936208,108696.000,16286,2,EL,1,100,21893.199219
1671015097.002278,108760.000,16286,2,EL,1,100,21895.400391
1671015097.069380,108825.000,16303,1,EL,1,100,21899.199219
1671015097.135449,108889.000,16320,2,EL,1,100,21896.400391
1671015097.201519,108953.000,16320,2,EL,1,100,21892.000000
1671015097.269653,109019.000,16338,1,EL,1,100,21875.000000
1671015097.335207,109082.500,16356,2,EL,1,100,21876.800781
1671015097.400760,109146.000,16356,2,EL,1,100,21869.599609
1671015097.465797,109209.000,16373,1,EL,1,100,21850.800781
1671015097.531867,109273.000,16391,2,EL,1,100,21855.199219
1671015097.597936,109337.000,16391,2,EL,1,100,21852.199219
1671015097.665038,109402.000,16407,2,EL,1,100,21841.199219
1671015097.732140,109467.000,16407,2,EL,1,100,21838.599609
1671015097.799242,109532.000,16423,1,EL,1,100,21821.599609
1671015097.865311,109596.000,16446,2,EL,1,100,21819.800781
1671015097.931381,109660.000,16446,2,EL,1,100,21811.199219
1671015097.997451,109724.000,16464,1,EL,1,100,21800.199219
1671015098.064553,109789.000,16481,2,EL,1,100,21801.000000
1671015098.131655,109854.000,16481,2,EL,1,100,21807.599609
1671015098.199789,109920.000,16497,1,EL,1,100,21798.400391
1671015098.266374,109984.500,16516,2,EL,1,100,21790.000000
1671015098.332960,110049.000,16516,2,EL,1,100,21784.199219
1671015098.399546,110113.500,16534,2,EL,1,100,21775.800781
1671015098.466132,110178.000,16534,2,EL,1,100,21776.199219
1671015098.531169,110241.000,16551,1,EL,1,100,21772.000000
1671015098.597239,110305.000,16566,2,EL,1,100,21758.000000
1671015098.663308,110369.000,16566,2,EL,1,100,21746.400391
1671015098.730410,110434.000,16586,1,EL,1,100,21729.800781
1671015098.796479,110498.000,16602,2,EL,1,100,21713.400391
1671015098.862549,110562.000,16602,2,EL,1,100,21712.000000
1671015098.929651,110627.000,16620,1,EL,1,100,21703.400391
1671015098.997269,110692.500,16637,2,EL,1,100,21697.800781
1671015099.064887,110758.000,16637,2,EL,1,100,21689.400391
1671015099.131473,110822.500,16658,2,EL,1,100,21682.599609
1671015099.198059,110887.000,16658,2,EL,1,100,21680.199219
1671015099.264128,110951.000,16675,1,EL,1,100,21672.400391
1671015099.331230,111016.000,16692,2,EL,1,100,21666.599609
1671015099.398332,111081.000,16692,2,EL,1,100,21662.400391
1671015099.462337,111143.000,16708,1,EL,1,100,21651.599609
1671015099.529955,111208.500,16725,2,EL,1,100,21636.800781
1671015099.597573,111274.000,16725,2,EL,1,100,21625.199219
1671015099.664159,111338.500,16745,2,EL,1,100,21632.199219
1671015099.730745,111403.000,16745,2,EL,1,100,21624.000000
1671015099.797846,111468.000,16762,1,EL,1,100,21605.400391
1671015099.864260,111532.333,16787,3,EL,1,100,21605.800781
1671015099.930674,111596.667,16787,3,EL,1,100,21603.199219
1671015099.997087,111661.000,16787,3,EL,1,100,21595.199219
1671015100.062641,111724.500,16805,2,EL,1,100,21581.800781
1671015100.128194,111788.000,16805,2,EL,1,100,21575.800781
1671015100.194264,111852.000,16825,1,EL,1,100,21559.800781
1671015100.260333,111916.000,16844,2,EL,1,100,21562.400391
1671015100.326403,111980.000,16844,2,EL,1,100,21553.400391
1671015100.393505,112045.000,16861,1,EL,1,100,21545.000000
1671015100.461123,112110.500,16877,2,EL,1,100,21537.400391
1671015100.528741,112176.000,16877,2,EL,1,100,21533.000000
1671015100.595843,112241.000,16895,1,EL,1,100,21529.000000
1671015100.662429,112305.500,16914,2,EL,1,100,21509.199219
1671015100.729014,112370.000,16914,2,EL,1,100,21497.599609
1671015100.795084,112434.000,16933,2,EL,1,100,21502.400391
1671015100.861154,112498.000,16933,2,EL,1,100,21480.400391
1671015100.926191,112561.000,16950,1,EL,1,100,21467.000000
1671015100.994325,112627.000,16969,2,EL,1,100,21462.199219
1671015101.062459,112693.000,16969,2,EL,1,100,21471.000000
1671015101.129561,112758.000,16988,1,EL,1,100,21478.800781
1671015101.197695,112824.000,17006,2,EL,1,100,21475.800781
1671015101.265830,112890.000,17006,2,EL,1,100,21458.199219
1671015101.332932,112955.000,17022,1,EL,1,100,21453.400391
1671015101.399517,113019.500,17037,2,EL,1,100,21448.599609
1671015101.466103,113084.000,17037,2,EL,1,100,21440.400391
1671015101.531657,113147.500,17054,2,EL,1,100,21423.599609
1671015101.597210,113211.000,17054,2,EL,1,100,21422.400391
1671015101.664312,113276.000,17073,1,EL,1,100,21417.199219
1671015101.730897,113340.500,17090,2,EL,1,100,21406.000000
1671015101.797483,113405.000,17090,2,EL,1,100,21393.400391
1671015101.864585,113470.000,17107,1,EL,1,100,21381.000000
1671015101.931687,113535.000,17128,2,EL,1,100,21382.400391
1671015101.998789,113600.000,17128,2,EL,1,100,21384.400391
1671015102.065891,113665.000,17145,1,EL,1,100,21380.599609
1671015102.132477,113729.500,17164,2,EL,1,100,21370.599609
1671015102.199062,113794.000,17164,2,EL,1,100,21361.800781
1671015102.265648,113858.500,17182,2,EL,1,100,21350.400391
1671015102.332234,113923.000,17182,2,EL,1,100,21343.800781
1671015102.397271,113986.000,17200,1,EL,1,100,21340.599609
1671015102.463857,114050.500,17215,2,EL,1,100,21333.199219
1671015102.530442,114115.000,17215,2,EL,1,100,21326.400391
1671015102.596512,114179.000,17232,1,EL,1,100,21316.599609
1671015102.665163,114245.500,17252,2,EL,1,100,21296.599609
1671015102.733813,114312.000,17252,2,EL,1,100,21294.400391
1671015102.799882,114376.000,17270,1,EL,1,100,21296.000000
1671015102.866468,114440.500,17286,2,EL,1,100,21295.000000
1671015102.933054,114505.000,17286,2,EL,1,100,21287.599609
1671015102.997575,114567.500,17304,2,EL,1,100,21268.000000
1671015103.062096,114630.000,17304,2,EL,1,100,21278.800781
1671015103.130230,114696.000,17321,1,EL,1,100,21272.000000
1671015103.196816,114760.500,17339,2,EL,1,100,21266.400391
1671015103.263402,114825.000,17339,2,EL,1,100,21261.400391
1671015103.331536,114891.000,17358,1,EL,1,100,21258.000000
1671015103.398638,114956.000,17372,2,EL,1,100,21244.800781
1671015103.465740,115021.000,17372,2,EL,1,100,21223.599609
1671015103.531810,115085.000,17389,1,EL,1,100,21198.199219
1671015103.599427,115150.500,17408,2,EL,1,100,21199.400391
1671015103.667046,115216.000,17408,2,EL,1,100,21199.199219
1671015103.733631,115280.500,17428,2,EL,1,100,21202.599609
1671015103.800217,115345.000,17428,2,EL,1,100,21188.000000
1671015103.865254,115408.000,17444,1,EL,1,100,21185.599609
1671015103.930808,115471.500,17462,2,EL,1,100,21180.199219
1671015103.996361,115535.000,17462,2,EL,1,100,21178.000000
1671015104.064495,115601.000,17478,1,EL,1,100,21175.800781
1671015104.131597,115666.000,17498,2,EL,1,100,21162.400391
1671015104.198699,115731.000,17498,2,EL,1,100,21150.800781
1671015104.265801,115796.000,17517,2,EL,1,100,21153.199219
1671015104.332903,115861.000,17517,2,EL,1,100,21156.400391
1671015104.398973,115925.000,17534,1,EL,1,100,21152.000000
1671015104.464526,115988.500,17548,2,EL,1,100,21127.400391
1671015104.530079,116052.000,17548,2,EL,1,100,21116.000000
1671015104.597181,116117.000,17566,1,EL,1,100,21103.599609
1671015104.663251,116181.000,17587,2,EL,1,100,21107.800781
1671015104.729321,116245.000,17587,2,EL,1,100,21098.199219
1671015104.795906,116309.500,17604,2,EL,1,100,21078.599609
1671015104.862492,116374.000,17604,2,EL,1,100,21072.800781
1671015104.928561,116438.000,17623,1,EL,1,100,21075.400391
1671015104.995147,116502.500,17640,2,EL,1,100,21065.599609
1671015105.061733,116567.000,17640,2,EL,1,100,21055.000000
1671015105.127803,116631.000,17664,2,EL,1,100,21043.400391
1671015105.193872,116695.000,17664,2,EL,1,100,21027.400391
1671015105.258909,116758.000,17684,2,EL,1,100,21017.199219
1671015105.323946,116821.000,17684,2,EL,1,100,21015.000000
1671015105.391048,116886.000,17700,1,EL,1,100,21015.800781
1671015105.457634,116950.500,17717,2,EL,1,100,21006.599609
1671015105.524220,117015.000,17717,2,EL,1,100,21005.800781
1671015105.592354,117081.000,17734,1,EL,1,100,21002.800781
1671015105.658940,117145.500,17751,2,EL,1,100,20994.400391
1671015105.725526,117210.000,17751,2,EL,1,100,20989.000000
1671015105.791595,117274.000,17768,2,EL,1,100,20983.800781
1671015105.857665,117338.000,17768,2,EL,1,100,20969.400391
1671015105.923734,117402.000,17788,2,EL,1,100,20953.800781
1671015105.989804,117466.000,17788,2,EL,1,100,20952.800781
1671015106.056906,117531.000,17806,1,EL,1,100,20953.199219
1671015106.123492,117595.500,17823,2,EL,1,100,20947.400391
1671015106.190077,117660.000,17823,2,EL,1,100,20937.199219
1671015106.255115,117723.000,17843,1,EL,1,100,20922.800781
1671015106.321184,117787.000,17858,2,EL,1,100,20924.800781
1671015106.387254,117851.000,17858,2,EL,1,100,20926.800781
1671015106.454356,117916.000,17874,1,EL,1,100,20914.400391
1671015106.520425,117980.000,17892,2,EL,1,100,20923.000000
1671015106.586495,118044.000,17892,2,EL,1,100,20917.199219
1671015106.653080,118108.500,17911,2,EL,1,100,20904.599609
1671015106.719666,118173.000,17911,2,EL,1,100,20905.400391
1671015106.785736,118237.000,17927,1,EL,1,100,20896.400391
1671015106.852322,118301.500,17943,2,EL,1,100,20874.599609
1671015106.918907,118366.000,17943,2,EL,1,100,20863.800781
1671015106.984977,118430.000,17962,1,EL,1,100,20851.599609
1671015107.052079,118495.000,17978,2,EL,1,100,20826.400391
1671015107.119181,118560.000,17978,2,EL,1,100,20825.599609
1671015107.184218,118623.000,17995,1,EL,1,100,20822.400391
1671015107.250804,118687.500,18013,2,EL,1,100,20827.400391
1671015107.317389,118752.000,18013,2,EL,1,100,20832.000000
1671015107.382943,118815.500,18032,2,EL,1,100,20830.800781
1671015107.448496,118879.000,18032,2,EL,1,100,20825.599609
1671015107.515598,118944.000,18048,1,EL,1,100,20815.800781
1671015107.582184,119008.500,18066,2,EL,1,100,20799.400391
1671015107.648770,119073.000,18066,2,EL,1,100,20791.599609
1671015107.714839,119137.000,18085,1,EL,1,100,20788.599609
1671015107.781425,119201.500,18102,2,EL,1,100,20784.599609
1671015107.848011,119266.000,18102,2,EL,1,100,20782.400391
1671015107.914080,119330.000,18119,1,EL,1,100,20778.800781
1671015107.980150,119394.000,18138,2,EL,1,100,20768.400391
1671015108.046219,119458.000,18138,2,EL,1,100,20761.400391
1671015108.114354,119524.000,18156,2,EL,1,100,20756.000000
1671015108.182488,119590.000,18156,2,EL,1,100,20747.800781
1671015108.248557,119654.000,18177,1,EL,1,100,20739.400391
1671015108.315143,119718.500,18191,2,EL,1,100,20735.000000
1671015108.381729,119783.000,18191,2,EL,1,100,20725.400391
1671015108.448831,119848.000,18208,1,EL,1,100,20712.400391
1671015108.515416,119912.500,18227,2,EL,1,100,20705.000000
1671015108.582002,119977.000,18227,2,EL,1,100,20707.800781
1671015108.646007,120039.000,18247,1,EL,1,100,20708.400391
1671015108.713109,120104.000,18262,2,EL,1,100,20705.400391
1671015108.780211,120169.000,18262,2,EL,1,100,20696.199219
1671015108.845764,120232.500,18281,2,EL,1,100,20673.599609
1671015108.911318,120296.000,18281,2,EL,1,100,20681.800781
1671015108.978420,120361.000,18299,1,EL,1,100,20676.599609
1671015109.045521,120426.000,18316,2,EL,1,100,20664.000000
1671015109.112623,120491.000,18316,2,EL,1,100,20653.000000
1671015109.178693,120555.000,18336,2,EL,1,100,20638.000000
1671015109.244763,120619.000,18336,2,EL,1,100,20638.400391
1671015109.311865,120684.000,18353,1,EL,1,100,20629.000000
1671015109.377418,120747.500,18369,2,EL,1,100,20614.599609
1671015109.442971,120811.000,18369,2,EL,1,100,20617.800781
1671015109.511106,120877.000,18386,1,EL,1,100,20616.199219
1671015109.578724,120942.500,18403,2,EL,1,100,20584.400391
1671015109.646342,121008.000,18403,2,EL,1,100,20577.599609
1671015109.711379,121071.000,18423,1,EL,1,100,20582.400391
1671015109.777448,121135.000,18439,2,EL,1,100,20574.199219
1671015109.843518,121199.000,18439,2,EL,1,100,20568.599609
1671015109.910620,121264.000,18459,2,EL,1,100,20579.800781
1671015109.977722,121329.000,18459,2,EL,1,100,20575.199219
1671015110.043792,121393.000,18475,1,EL,1,100,20558.800781
1671015110.109345,121456.500,18492,2,EL,1,100,20557.199219
1671015110.174898,121520.000,18492,2,EL,1,100,20542.199219
1671015110.242000,121585.000,18512,1,EL,1,100,20534.800781
1671015110.308070,121649.000,18529,2,EL,1,100,20533.599609
1671015110.374139,121713.000,18529,2,EL,1,100,20538.599609
1671015110.443306,121780.000,18550,1,EL,1,100,20534.800781
1671015110.509892,121844.500,18568,2,EL,1,100,20522.599609
1671015110.576477,121909.000,18568,2,EL,1,100,20511.400391
1671015110.642547,121973.000,18586,1,EL,1,100,20508.800781
1671015110.708100,122036.500,18603,2,EL,1,100,20494.000000
1671015110.773654,122100.000,18603,2,EL,1,100,20483.800781
1671015110.840240,122164.500,18621,2,EL,1,100,20471.000000
1671015110.906825,122229.000,18621,2,EL,1,100,20469.599609
1671015110.974959,122295.000,18642,1,EL,1,100,20468.199219
1671015111.042578,122360.500,18658,2,EL,1,100,20457.000000
1671015111.110196,122426.000,18658,2,EL,1,100,20447.199219
1671015111.176265,122490.000,18678,1,EL,1,100,20435.400391
1671015111.243883,122555.500,18693,2,EL,1,100,20417.400391
1671015111.311501,122621.000,18693,2,EL,1,100,20413.800781
1671015111.378603,122686.000,18710,1,EL,1,100,20403.800781
1671015111.444673,122750.000,18728,2,EL,1,100,20410.599609
1671015111.510742,122814.000,18728,2,EL,1,100,20409.199219
1671015111.576812,122878.000,18746,2,EL,1,100,20408.400391
1671015111.642882,122942.000,18746,2,EL,1,100,20402.800781
1671015111.707919,123005.000,18765,1,EL,1,100,20389.400391
1671015111.775537,123070.500,18782,2,EL,1,100,20393.000000
1671015111.843155,123136.000,18782,2,EL,1,100,20392.599609
1671015111.912322,123203.000,18799,1,EL,1,100,20382.599609
1671015111.978391,123267.000,18818,2,EL,1,100,20372.800781
1671015112.044461,123331.000,18818,2,EL,1,100,20361.000000
1671015112.110530,123395.000,18834,1,EL,1,100,20358.400391
1671015112.177116,123459.500,18855,2,EL,1,100,20359.800781
1671015112.243702,123524.000,18855,2,EL,1,100,20359.599609
1671015112.309771,123588.000,18871,2,EL,1,100,20366.599609
1671015112.375841,123652.000,18871,2,EL,1,100,20362.400391
1671015112.441911,123716.000,18888,1,EL,1,100,20355.000000
1671015112.508496,123780.500,18905,2,EL,1,100,20334.400391
1671015112.575082,123845.000,18905,2,EL,1,100,20324.800781
1671015112.643216,123911.000,18927,1,EL,1,100,20327.800781
1671015112.710834,123976.500,18941,2,EL,1,100,20327.400391
1671015112.778452,124042.000,18941,2,EL,1,100,20315.400391
1671015112.845554,124107.000,18958,1,EL,1,100,20293.000000
1671015112.911624,124171.000,18977,2,EL,1,100,20284.400391
1671015112.977693,124235.000,18977,2,EL,1,100,20276.599609
1671015113.043247,124298.500,18994,2,EL,1,100,20261.199219
1671015113.108800,124362.000,18994,2,EL,1,100,20260.800781
1671015113.175386,124426.500,19015,2,EL,1,100,20265.400391
1671015113.241971,124491.000,19015,2,EL,1,100,20265.199219
1671015113.310106,124557.000,19032,1,EL,1,100,20252.199219
1671015113.377208,124622.000,19046,2,EL,1,100,20249.199219
1671015113.444310,124687.000,19046,2,EL,1,100,20250.199219
1671015113.512444,124753.000,19063,1,EL,1,100,20239.199219
1671015113.580062,124818.500,19080,2,EL,1,100,20226.400391
1671015113.647680,124884.000,19080,2,EL,1,100,20217.199219
1671015113.713750,124948.000,19100,1,EL,1,100,20214.000000
1671015113.779819,125012.000,19117,2,EL,1,100,20215.000000
1671015113.845889,125076.000,19117,2,EL,1,100,20212.800781
1671015113.911442,125139.500,19136,2,EL,1,100,20206.199219
1671015113.976995,125203.000,19136,2,EL,1,100,20190.199219
1671015114.045130,125269.000,19152,1,EL,1,100,20170.599609
1671015114.112232,125334.000,19169,2,EL,1,100,20158.599609
1671015114.179334,125399.000,19169,2,EL,1,100,20152.199219
1671015114.246436,125464.000,19189,1,EL,1,100,20137.599609
1671015114.313021,125528.500,19206,2,EL,1,100,20135.000000
1671015114.379607,125593.000,19206,2,EL,1,100,20132.400391
1671015114.445677,125657.000,19222,1,EL,1,100,20126.800781
1671015114.511746,125721.000,19240,2,EL,1,100,20120.800781
1671015114.577816,125785.000,19240,2,EL,1,100,20114.000000
1671015114.643885,125849.000,19259,2,EL,1,100,20111.599609
1671015114.709955,125913.000,19259,2,EL,1,100,20107.199219
1671015114.777057,125978.000,19276,1,EL,1,100,20106.199219
1671015114.843126,126042.000,19291,2,EL,1,100,20093.199219
1671015114.909196,126106.000,19291,2,EL,1,100,20091.000000
1671015114.977330,126172.000,19310,1,EL,1,100,20083.800781
1671015115.043400,126236.000,19326,2,EL,1,100,20078.400391
1671015115.109469,126300.000,19326,2,EL,1,100,20075.000000
1671015115.175539,126364.000,19346,1,EL,1,100,20066.199219
1671015115.240576,126427.000,19362,2,EL,1,100,20052.199219
1671015115.305613,126490.000,19362,2,EL,1,100,20045.599609
1671015115.372199,126554.500,19380,2,EL,1,100,20042.000000
1671015115.438785,126619.000,19380,2,EL,1,100,20034.800781
1671015115.505887,126684.000,19396,1,EL,1,100,20023.800781
1671015115.574021,126750.000,19414,2,EL,1,100,20010.400391
1671015115.642155,126816.000,19414,2,EL,1,100,20007.800781
1671015115.709257,126881.000,19438,2,EL,1,100,20000.000000
1671015115.776359,126946.000,19438,2,EL,1,100,19993.599609
1671015115.842429,127010.000,19457,1,EL,1,100,19994.000000
1671015115.908498,127074.000,19474,2,EL,1,100,19992.599609
1671015115.974568,127138.000,19474,2,EL,1,100,19980.400391
1671015116.041153,127202.500,19491,2,EL,1,100,19966.599609
1671015116.107739,127267.000,19491,2,EL,1,100,19961.400391
1671015116.174841,127332.000,19510,1,EL,1,100,19951.199219
1671015116.241427,127396.500,19528,2,EL,1,100,19941.800781
1671015116.308012,127461.000,19528,2,EL,1,100,19937.800781
1671015116.372017,127523.000,19546,1,EL,1,100,19937.599609
1671015116.438603,127587.500,19561,2,EL,1,100,19934.400391
1671015116.505189,127652.000,19561,2,EL,1,100,19930.800781
1671015116.571259,127716.000,19578,1,EL,1,100,19922.000000
1671015116.637844,127780.500,19596,2,EL,1,100,19936.199219
1671015116.704430,127845.000,19596,2,EL,1,100,19933.199219
1671015116.769984,127908.500,19614,2,EL,1,100,19914.199219
1671015116.835537,127972.000,19614,2,EL,1,100,19902.800781
1671015116.901606,128036.000,19632,1,EL,1,100,19897.199219
1671015116.968192,128100.500,19650,2,EL,1,100,19910.400391
1671015117.034778,128165.000,19650,2,EL,1,100,19902.800781
1671015117.101880,128230.000,19667,1,EL,1,100,19895.800781
1671015117.168466,128294.500,19687,2,EL,1,100,19897.800781
1671015117.235051,128359.000,19687,2,EL,1,100,19894.000000
1671015117.300088,128422.000,19704,1,EL,1,100,19874.599609
1671015117.365642,128485.500,19721,2,EL,1,100,19874.199219
1671015117.431195,128549.000,19721,2,EL,1,100,19876.199219
1671015117.497265,128613.000,19738,2,EL,1,100,19870.599609
1671015117.563334,128677.000,19738,2,EL,1,100,19863.800781
1671015117.631469,128743.000,19754,1,EL,1,100,19854.599609
1671015117.697538,128807.000,19774,2,EL,1,100,19845.400391
1671015117.763608,128871.000,19774,2,EL,1,100,19843.199219
1671015117.830710,128936.000,19792,1,EL,1,100,19845.599609
1671015117.896779,129000.000,19810,2,EL,1,100,19830.599609
1671015117.962849,129064.000,19810,2,EL,1,100,19820.800781
1671015118.028919,129128.000,19826,1,EL,1,100,19814.199219
1671015118.097053,129194.000,19843,2,EL,1,100,19802.400391
1671015118.165187,129260.000,19843,2,EL,1,100,19797.800781
1671015118.231773,129324.500,19863,2,EL,1,100,19794.400391
1671015118.298358,129389.000,19863,2,EL,1,100,19787.800781
1671015118.364428,129453.000,19879,1,EL,1,100,19779.800781
1671015118.430498,129517.000,19894,2,EL,1,100,19763.400391
1671015118.496567,129581.000,19894,2,EL,1,100,19762.800781
1671015118.564701,129647.000,19914,1,EL,1,100,19758.800781
1671015118.630255,129710.500,19930,2,EL,1,100,19749.199219
1671015118.695808,129774.000,19930,2,EL,1,100,19735.800781
1671015118.762910,129839.000,19950,1,EL,1,100,19728.000000
1671015118.828464,129902.500,19967,2,EL,1,100,19722.000000
1671015118.894017,129966.000,19967,2,EL,1,100,19723.000000
1671015118.960603,130030.500,19986,2,EL,1,100,19720.800781
1671015119.027188,130095.000,19986,2,EL,1,100,19716.199219
1671015119.094290,130160.000,20002,1,EL,1,100,19705.000000
1671015119.160360,130224.000,20025,2,EL,1,100,19698.800781
1671015119.226429,130288.000,20025,2,EL,1,100,19695.599609
1671015119.293531,130353.000,20041,1,EL,1,100,19688.000000
1671015119.359085,130416.500,20056,2,EL,1,100,19693.199219
1671015119.424638,130480.000,20056,2,EL,1,100,19694.599609
1671015119.492772,130546.000,20072,1,EL,1,100,19685.199219
1671015119.560390,130611.500,20090,2,EL,1,100,19676.400391
1671015119.628009,130677.000,20090,2,EL,1,100,19673.000000
1671015119.693046,130740.000,20106,1,EL,1,100,19676.599609
1671015119.759115,130804.000,20125,2,EL,1,100,19675.800781
1671015119.825185,130868.000,20125,2,EL,1,100,19668.800781
1671015119.892287,130933.000,20143,2,EL,1,100,19645.000000
1671015119.959389,130998.000,20143,2,EL,1,100,19645.000000
1671015120.025458,131062.000,20160,1,EL,1,100,19635.400391
1671015120.092044,131126.500,20178,2,EL,1,100,19630.599609
1671015120.158630,131191.000,20178,2,EL,1,100,19628.599609
1671015120.225732,131256.000,20199,1,EL,1,100,19627.800781
1671015120.291801,131320.000,20214,2,EL,1,100,19626.599609
1671015120.357871,131384.000,20214,2,EL,1,100,19621.800781
1671015120.425489,131449.500,20230,2,EL,1,100,19618.199219
1671015120.493107,131515.000,20230,2,EL,1,100,19615.800781
1671015120.560209,131580.000,20247,1,EL,1,100,19610.000000
1671015120.626795,131644.500,20267,2,EL,1,100,19591.199219
1671015120.693380,131709.000,20267,2,EL,1,100,19575.000000
1671015120.757385,131771.000,20283,1,EL,1,100,19567.800781
1671015120.823971,131835.500,20301,2,EL,1,100,19573.400391
1671015120.890557,131900.000,20301,2,EL,1,100,19570.199219
1671015120.958347,131965.667,20325,3,EL,1,100,19565.400391
1671015121.026137,132031.333,20325,3,EL,1,100,19551.599609
1671015121.093927,132097.000,20325,3,EL,1,100,19532.400391
1671015121.159997,132161.000,20341,1,EL,1,100,19530.199219
1671015121.226582,132225.500,20363,2,EL,1,100,19527.599609
1671015121.293168,132290.000,20363,2,EL,1,100,19526.800781
1671015121.359754,132354.500,20378,2,EL,1,100,19519.599609
1671015121.426340,132419.000,20378,2,EL,1,100,19508.800781
1671015121.492409,132483.000,20397,1,EL,1,100,19504.800781
1671015121.558479,132547.000,20414,2,EL,1,100,19503.199219
1671015121.624548,132611.000,20414,2,EL,1,100,19499.000000
1671015121.689585,132674.000,20434,1,EL,1,100,19500.400391
1671015121.756171,132738.500,20449,2,EL,1,100,19499.400391
1671015121.822757,132803.000,20449,2,EL,1,100,19492.199219
1671015121.889859,132868.000,20468,2,EL,1,100,19485.199219
1671015121.956961,132933.000,20468,2,EL,1,100,19476.400391
1671015122.024063,132998.000,20484,1,EL,1,100,19463.400391
1671015122.090648,133062.500,20501,2,EL,1,100,19456.199219
1671015122.157234,133127.000,20501,2,EL,1,100,19450.199219
1671015122.223304,133191.000,20523,1,EL,1,100,19448.000000
1671015122.289373,133255.000,20538,2,EL,1,100,19447.599609
1671015122.355443,133319.000,20538,2,EL,1,100,19447.800781
1671015122.422545,133384.000,20554,1,EL,1,100,19437.599609
1671015122.489130,133448.500,20572,2,EL,1,100,19442.800781
1671015122.555716,133513.000,20572,2,EL,1,100,19437.800781
1671015122.624367,133579.500,20588,2,EL,1,100,19444.199219
1671015122.693017,133646.000,20588,2,EL,1,100,19429.800781
1671015122.759087,133710.000,20608,1,EL,1,100,19411.599609
1671015122.825672,133774.500,20623,2,EL,1,100,19405.400391
1671015122.892258,133839.000,20623,2,EL,1,100,19404.400391
1671015122.958328,133903.000,20642,1,EL,1,100,19399.400391
1671015123.023881,133966.500,20658,2,EL,1,100,19384.800781
1671015123.089435,134030.000,20658,2,EL,1,100,19379.000000
1671015123.154472,134093.000,20675,1,EL,1,100,19368.000000
1671015123.222606,134159.000,20694,2,EL,1,100,19349.000000
1671015123.290740,134225.000,20694,2,EL,1,100,19349.400391
1671015123.357842,134290.000,20712,2,EL,1,100,19353.400391
1671015123.424944,134355.000,20712,2,EL,1,100,19347.599609
1671015123.492046,134420.000,20728,1,EL,1,100,19336.400391
1671015123.558632,134484.500,20748,2,EL,1,100,19336.400391
1671015123.625217,134549.000,20748,2,EL,1,100,19336.400391
1671015123.691287,134613.000,20767,1,EL,1,100,19335.400391
1671015123.757357,134677.000,20782,2,EL,1,100,19332.000000
1671015123.823426,134741.000,20782,2,EL,1,100,19327.800781
1671015123.889496,134805.000,20799,1,EL,1,100,19312.400391
1671015123.956082,134869.500,20818,2,EL,1,100,19296.000000
1671015124.022667,134934.000,20818,2,EL,1,100,19279.000000
1671015124.088737,134998.000,20834,1,EL,1,100,19278.800781
1671015124.156871,135064.000,20856,2,EL,1,100,19273.400391
1671015124.225005,135130.000,20856,2,EL,1,100,19269.800781
1671015124.291591,135194.500,20871,2,EL,1,100,19265.199219
1671015124.358177,135259.000,20871,2,EL,1,100,19261.599609
1671015124.424246,135323.000,20888,1,EL,1,100,19246.800781
1671015124.489800,135386.500,20905,2,EL,1,100,19247.800781
1671015124.555353,135450.000,20905,2,EL,1,100,19241.199219
1671015124.622455,135515.000,20922,1,EL,1,100,19238.800781
1671015124.689041,135579.500,20939,2,EL,1,100,19239.599609
1671015124.755626,135644.000,20939,2,EL,1,100,19230.199219
1671015124.821696,135708.000,20957,2,EL,1,100,19225.000000
1671015124.887766,135772.000,20957,2,EL,1,100,19229.800781
1671015124.956932,135839.000,20975,1,EL,1,100,19230.000000
1671015125.024034,135904.000,20992,2,EL,1,100,19211.400391
1671015125.091136,135969.000,20992,2,EL,1,100,19200.800781
1671015125.157206,136033.000,21011,1,EL,1,100,19189.199219
1671015125.222243,136096.000,21030,2,EL,1,100,19181.000000
1671015125.287280,136159.000,21030,2,EL,1,100,19181.199219
1671015125.353866,136223.500,21045,2,EL,1,100,19177.400391
1671015125.420452,136288.000,21045,2,EL,1,100,19173.000000
1671015125.487554,136353.000,21062,1,EL,1,100,19169.599609
1671015125.555688,136419.000,21079,2,EL,1,100,19161.400391
1671015125.623822,136485.000,21079,2,EL,1,100,19156.800781
1671015125.690924,136550.000,21097,1,EL,1,100,19152.800781
1671015125.757510,136614.500,21113,2,EL,1,100,19141.599609
1671015125.824095,136679.000,21113,2,EL,1,100,19136.599609
1671015125.891197,136744.000,21131,1,EL,1,100,19123.800781
1671015125.957267,136808.000,21149,2,EL,1,100,19115.400391
1671015126.023336,136872.000,21149,2,EL,1,100,19107.400391
1671015126.089922,136936.500,21168,2,EL,1,100,19094.000000
1671015126.156508,137001.000,21168,2,EL,1,100,19101.599609
1671015126.221545,137064.000,21188,1,EL,1,100,19103.199219
1671015126.287615,137128.000,21208,2,EL,1,100,19100.400391
1671015126.353684,137192.000,21208,2,EL,1,100,19096.599609
1671015126.420786,137257.000,21224,1,EL,1,100,19088.800781
1671015126.486856,137321.000,21244,2,EL,1,100,19098.400391
1671015126.552925,137385.000,21244,2,EL,1,100,19094.400391
1671015126.618995,137449.000,21260,1,EL,1,100,19090.199219
1671015126.684720,137512.667,21279,3,EL,1,100,19084.400391
1671015126.750446,137576.333,21279,3,EL,1,100,19082.800781
1671015126.816171,137640.000,21279,3,EL,1,100,19076.599609
1671015126.882757,137704.500,21298,2,EL,1,100,19064.800781
1671015126.949343,137769.000,21298,2,EL,1,100,19050.000000
1671015127.016445,137834.000,21315,2,EL,1,100,19033.400391
1671015127.083547,137899.000,21315,2,EL,1,100,19015.400391
1671015127.148584,137962.000,21334,1,EL,1,100,19021.000000
1671015127.215169,138026.500,21352,2,EL,1,100,19022.599609
1671015127.281755,138091.000,21352,2,EL,1,100,19017.599609
1671015127.347825,138155.000,21368,1,EL,1,100,19009.800781
1671015127.413894,138219.000,21385,2,EL,1,100,19003.599609
1671015127.479964,138283.000,21385,2,EL,1,100,18985.199219
1671015127.546550,138347.500,21404,2,EL,1,100,18976.599609
1671015127.613135,138412.000,21404,2,EL,1,100,18980.400391
1671015127.679205,138476.000,21421,1,EL,1,100,18983.800781
1671015127.745791,138540.500,21438,2,EL,1,100,18986.000000
1671015127.812376,138605.000,21438,2,EL,1,100,18976.199219
1671015127.878446,138669.000,21456,1,EL,1,100,18965.000000
1671015127.944516,138733.000,21476,2,EL,1,100,18966.199219
1671015128.010585,138797.000,21476,2,EL,1,100,18960.800781
1671015128.077687,138862.000,21493,1,EL,1,100,18949.599609
1671015128.144789,138927.000,21513,2,EL,1,100,18940.800781
1671015128.211891,138992.000,21513,2,EL,1,100,18943.800781
1671015128.278477,139056.500,21530,2,EL,1,100,18944.800781
1671015128.345062,139121.000,21530,2,EL,1,100,18936.800781
1671015128.412164,139186.000,21546,1,EL,1,100,18921.599609
1671015128.478750,139250.500,21564,2,EL,1,100,18918.400391
1671015128.545336,139315.000,21564,2,EL,1,100,18912.599609
1671015128.609341,139377.000,21580,1,EL,1,100,18906.599609
1671015128.676443,139442.000,21595,2,EL,1,100,18889.000000
1671015128.743545,139507.000,21595,2,EL,1,100,18885.599609
1671015128.809098,139570.500,21615,2,EL,1,100,18880.800781
1671015128.874651,139634.000,21615,2,EL,1,100,18873.800781
1671015128.941753,139699.000,21634,1,EL,1,100,18860.400391
1671015129.007823,139763.000,21652,2,EL,1,100,18866.199219
1671015129.073892,139827.000,21652,2,EL,1,100,18877.199219
1671015129.140994,139892.000,21672,1,EL,1,100,18879.400391
1671015129.207580,139956.500,21688,2,EL,1,100,18866.400391
1671015129.274166,140021.000,21688,2,EL,1,100,18857.199219
1671015129.339719,140084.500,21706,2,EL,1,100,18859.000000
1671015129.405272,140148.000,21706,2,EL,1,100,18853.599609
1671015129.473407,140214.000,21722,1,EL,1,100,18838.000000
1671015129.541025,140279.500,21742,2,EL,1,100,18840.000000
1671015129.608643,140345.000,21742,2,EL,1,100,18835.199219
1671015129.673680,140408.000,21761,1,EL,1,100,18827.800781
1671015129.739750,140472.000,21776,2,EL,1,100,18818.199219
1671015129.805819,140536.000,21776,2,EL,1,100,18812.000000
1671015129.873954,140602.000,21793,1,EL,1,100,18799.599609
1671015129.940023,140666.000,21812,2,EL,1,100,18782.400391
1671015130.006093,140730.000,21812,2,EL,1,100,18774.000000
1671015130.072678,140794.500,21830,2,EL,1,100,18774.400391
1671015130.139264,140859.000,21830,2,EL,1,100,18774.199219
1671015130.205334,140923.000,21851,1,EL,1,100,18770.199219
1671015130.271919,140987.500,21865,2,EL,1,100,18763.000000
1671015130.338505,141052.000,21865,2,EL,1,100,18748.000000
1671015130.407672,141119.000,21882,1,EL,1,100,18732.599609
1671015130.474257,141183.500,21901,2,EL,1,100,18731.800781
1671015130.540843,141248.000,21901,2,EL,1,100,18737.199219
1671015130.606913,141312.000,21918,1,EL,1,100,18744.000000
1671015130.672466,141375.500,21935,2,EL,1,100,18737.800781
1671015130.738020,141439.000,21935,2,EL,1,100,18733.199219
1671015130.804605,141503.500,21953,2,EL,1,100,18730.599609
1671015130.871191,141568.000,21953,2,EL,1,100,18719.599609
1671015130.939325,141634.000,21971,1,EL,1,100,18705.000000
1671015131.006943,141699.500,21990,2,EL,1,100,18702.599609
1671015131.074562,141765.000,21990,2,EL,1,100,18699.599609
1671015131.140631,141829.000,22006,1,EL,1,100,18699.199219
1671015131.207217,141893.500,22025,2,EL,1,100,18698.599609
1671015131.273803,141958.000,22025,2,EL,1,100,18687.599609
1671015131.339872,142022.000,22041,1,EL,1,100,18671.000000
1671015131.406458,142086.500,22060,2,EL,1,100,18670.400391
1671015131.473044,142151.000,22060,2,EL,1,100,18668.199219
1671015131.539113,142215.000,22082,2,EL,1,100,18667.599609
1671015131.605183,142279.000,22082,2,EL,1,100,18658.400391
1671015131.670736,142342.500,22102,2,EL,1,100,18651.800781
1671015131.736290,142406.000,22102,2,EL,1,100,18645.800781
1671015131.803391,142471.000,22120,1,EL,1,100,18649.599609
1671015131.870493,142536.000,22139,2,EL,1,100,18647.400391
1671015131.937595,142601.000,22139,2,EL,1,100,18635.800781
1671015132.004181,142665.500,22154,2,EL,1,100,18618.800781
1671015132.070767,142730.000,22154,2,EL,1,100,18617.000000
1671015132.137869,142795.000,22176,1,EL,1,100,18614.400391
1671015132.203938,142859.000,22193,2,EL,1,100,18606.599609
1671015132.270008,142923.000,22193,2,EL,1,100,18599.800781
1671015132.336594,142987.500,22210,2,EL,1,100,18594.800781
1671015132.403179,143052.000,22210,2,EL,1,100,18587.400391
1671015132.471313,143118.000,22226,1,EL,1,100,18578.400391
1671015132.539448,143184.000,22244,2,EL,1,100,18582.599609
1671015132.607582,143250.000,22244,2,EL,1,100,18576.800781
1671015132.676749,143317.000,22263,1,EL,1,100,18572.199219
1671015132.743334,143381.500,22280,2,EL,1,100,18570.400391
1671015132.809920,143446.000,22280,2,EL,1,100,18562.000000
1671015132.875990,143510.000,22297,1,EL,1,100,18545.000000
1671015132.940511,143572.500,22314,2,EL,1,100,18552.199219
1671015133.005032,143635.000,22314,2,EL,1,100,18553.400391
1671015133.073166,143701.000,22330,1,EL,1,100,18527.400391
1671015133.139752,143765.500,22351,2,EL,1,100,18523.800781
1671015133.206337,143830.000,22351,2,EL,1,100,18507.199219
1671015133.274472,143896.000,22367,2,EL,1,100,18488.800781
1671015133.342606,143962.000,22367,2,EL,1,100,18489.800781
1671015133.408676,144026.000,22386,1,EL,1,100,18489.000000
1671015133.475261,144090.500,22401,2,EL,1,100,18485.400391
1671015133.541847,144155.000,22401,2,EL,1,100,18492.800781
1671015133.607917,144219.000,22418,1,EL,1,100,18494.199219
1671015133.675019,144284.000,22437,2,EL,1,100,18492.400391
1671015133.742121,144349.000,22437,2,EL,1,100,18492.599609
1671015133.807158,144412.000,22454,1,EL,1,100,18487.800781
1671015133.872711,144475.500,22472,2,EL,1,100,18478.800781
1671015133.938264,144539.000,22472,2,EL,1,100,18472.599609
1671015134.004850,144603.500,22490,2,EL,1,100,18467.800781
1671015134.071436,144668.000,22490,2,EL,1,100,18468.000000
1671015134.140603,144735.000,22506,1,EL,1,100,18459.000000
1671015134.207705,144800.000,22527,2,EL,1,100,18456.000000
1671015134.274806,144865.000,22527,2,EL,1,100,18447.800781
1671015134.340876,144929.000,22543,1,EL,1,100,18429.599609
1671015134.406429,144992.500,22558,2,EL,1,100,18412.599609
1671015134.471983,145056.000,22558,2,EL,1,100,18410.599609
1671015134.538052,145120.000,22575,1,EL,1,100,18404.199219
1671015134.605154,145185.000,22597,2,EL,1,100,18408.400391
1671015134.672256,145250.000,22597,2,EL,1,100,18405.000000
1671015134.739874,145315.500,22613,2,EL,1,100,18402.199219
1671015134.807492,145381.000,22613,2,EL,1,100,18403.400391
1671015134.874594,145446.000,22631,1,EL,1,100,18386.000000
1671015134.942728,145512.000,22650,2,EL,1,100,18380.000000
1671015135.010863,145578.000,22650,2,EL,1,100,18379.599609
1671015135.077448,145642.500,22666,2,EL,1,100,18379.800781
1671015135.144034,145707.000,22666,2,EL,1,100,18382.199219
1671015135.211136,145772.000,22686,1,EL,1,100,18376.199219
1671015135.276173,145835.000,22703,2,EL,1,100,18366.599609
1671015135.341211,145898.000,22703,2,EL,1,100,18351.599609
1671015135.407280,145962.000,22719,1,EL,1,100,18351.800781
1671015135.474898,146027.500,22738,2,EL,1,100,18345.400391
1671015135.542516,146093.000,22738,2,EL,1,100,18343.400391
1671015135.610134,146158.500,22753,2,EL,1,100,18345.599609
1671015135.677752,146224.000,22753,2,EL,1,100,18333.199219
1671015135.744854,146289.000,22773,1,EL,1,100,18316.599609
1671015135.810924,146353.000,22792,2,EL,1,100,18322.400391
1671015135.876993,146417.000,22792,2,EL,1,100,18318.400391
1671015135.943063,146481.000,22811,1,EL,1,100,18319.800781
1671015136.009649,146545.500,22825,2,EL,1,100,18318.199219
1671015136.076234,146610.000,22825,2,EL,1,100,18309.599609
1671015136.143336,146675.000,22842,1,EL,1,100,18298.599609
1671015136.209922,146739.500,22862,2,EL,1,100,18285.400391
1671015136.276508,146804.000,22862,2,EL,1,100,18279.000000
1671015136.342061,146867.500,22881,2,EL,1,100,18290.800781
1671015136.407615,146931.000,22881,2,EL,1,100,18292.599609
1671015136.473684,146995.000,22897,1,EL,1,100,18286.199219
1671015136.539754,147059.000,22913,2,EL,1,100,18281.800781
1671015136.605823,147123.000,22913,2,EL,1,100,18284.400391
1671015136.672925,147188.000,22932,1,EL,1,100,18285.400391
1671015136.737962,147251.000,22949,2,EL,1,100,18270.400391
1671015136.803000,147314.000,22949,2,EL,1,100,18256.000000
1671015136.869586,147378.500,22970,2,EL,1,100,18252.800781
1671015136.936171,147443.000,22970,2,EL,1,100,18242.599609
1671015137.004305,147509.000,22988,2,EL,1,100,18234.199219
1671015137.072440,147575.000,22988,2,EL,1,100,18229.199219
1671015137.139025,147639.500,23008,2,EL,1,100,18227.199219
1671015137.205611,147704.000,23008,2,EL,1,100,18227.199219
1671015137.270648,147767.000,23027,1,EL,1,100,18216.199219
1671015137.336202,147830.500,23042,2,EL,1,100,18213.000000
1671015137.401755,147894.000,23042,2,EL,1,100,18203.000000
1671015137.468857,147959.000,23058,1,EL,1,100,18195.599609
1671015137.535443,148023.500,23076,2,EL,1,100,18192.599609
1671015137.602029,148088.000,23076,2,EL,1,100,18180.000000
1671015137.668098,148152.000,23097,1,EL,1,100,18180.800781
1671015137.734684,148216.500,23113,2,EL,1,100,18173.199219
1671015137.801270,148281.000,23113,2,EL,1,100,18163.599609
1671015137.866823,148344.500,23133,2,EL,1,100,18160.800781
1671015137.932376,148408.000,23133,2,EL,1,100,18155.800781
1671015137.999478,148473.000,23150,1,EL,1,100,18151.000000
1671015138.065548,148537.000,23166,2,EL,1,100,18165.400391
1671015138.131618,148601.000,23166,2,EL,1,100,18159.599609
1671015138.198720,148666.000,23187,1,EL,1,100,18160.000000
1671015138.265305,148730.500,23201,2,EL,1,100,18145.599609
1671015138.331891,148795.000,23201,2,EL,1,100,18133.800781
1671015138.398993,148860.000,23218,1,EL,1,100,18112.599609
1671015138.465579,148924.500,23235,2,EL,1,100,18110.599609
1671015138.532164,148989.000,23235,2,EL,1,100,18110.599609
1671015138.597718,149052.500,23254,2,EL,1,100,18114.800781
1671015138.663271,149116.000,23254,2,EL,1,100,18130.000000
1671015138.730373,149181.000,23271,1,EL,1,100,18134.199219
1671015138.795926,149244.500,23289,2,EL,1,100,18118.599609
1671015138.861480,149308.000,23289,2,EL,1,100,18109.199219
1671015138.928582,149373.000,23307,1,EL,1,100,18101.400391
1671015138.994651,149437.000,23326,2,EL,1,100,18102.199219
1671015139.060721,149501.000,23326,2,EL,1,100,18100.400391
1671015139.127823,149566.000,23342,1,EL,1,100,18090.599609
1671015139.193892,149630.000,23362,2,EL,1,100,18081.400391
1671015139.259962,149694.000,23362,2,EL,1,100,18064.800781
1671015139.326031,149758.000,23377,2,EL,1,100,18048.400391
1671015139.392101,149822.000,23377,2,EL,1,100,18040.800781
1671015139.460235,149888.000,23396,1,EL,1,100,18048.000000
1671015139.527853,149953.500,23413,2,EL,1,100,18037.599609
1671015139.595471,150019.000,23413,2,EL,1,100,18009.400391
1671015139.660509,150082.000,23430,1,EL,1,100,17987.800781
1671015139.726578,150146.000,23447,2,EL,1,100,17966.599609
1671015139.792648,150210.000,23447,2,EL,1,100,17954.800781
1671015139.860782,150276.000,23465,1,EL,1,100,17943.400391
1671015139.926852,150340.000,23483,2,EL,1,100,17927.800781
1671015139.992921,150404.000,23483,2,EL,1,100,17917.199219
1671015140.059507,150468.500,23502,2,EL,1,100,17912.800781
1671015140.126093,150533.000,23502,2,EL,1,100,17911.400391
1671015140.192162,150597.000,23522,1,EL,1,100,17902.400391
1671015140.258232,150661.000,23539,2,EL,1,100,17876.800781
1671015140.324301,150725.000,23539,2,EL,1,100,17878.599609
1671015140.391403,150790.000,23555,1,EL,1,100,17866.599609
1671015140.457989,150854.500,23573,2,EL,1,100,17824.400391
1671015140.524575,150919.000,23573,2,EL,1,100,17783.000000
1671015140.590644,150983.000,23589,1,EL,1,100,17767.800781
1671015140.656198,151046.500,23608,2,EL,1,100,17761.000000
1671015140.721751,151110.000,23608,2,EL,1,100,17754.400391
1671015140.788337,151174.500,23627,2,EL,1,100,17749.599609
1671015140.854923,151239.000,23627,2,EL,1,100,17743.199219
1671015140.923057,151305.000,23645,2,EL,1,100,17734.199219
1671015140.991191,151371.000,23645,2,EL,1,100,17729.000000
1671015141.058293,151436.000,23661,1,EL,1,100,17719.400391
1671015141.124879,151500.500,23682,2,EL,1,100,17712.599609
1671015141.191464,151565.000,23682,2,EL,1,100,17708.400391
1671015141.257534,151629.000,23698,1,EL,1,100,17698.000000
1671015141.324120,151693.500,23714,2,EL,1,100,17678.199219
1671015141.390706,151758.000,23714,2,EL,1,100,17668.599609
1671015141.457291,151822.500,23732,2,EL,1,100,17664.800781
1671015141.523877,151887.000,23732,2,EL,1,100,17668.400391
1671015141.590979,151952.000,23749,1,EL,1,100,17667.000000
1671015141.656532,152015.500,23765,2,EL,1,100,17642.800781
1671015141.722086,152079.000,23765,2,EL,1,100,17628.800781
1671015141.789188,152144.000,23787,1,EL,1,100,17622.400391
1671015141.856290,152209.000,23804,2,EL,1,100,17614.800781
1671015141.923391,152274.000,23804,2,EL,1,100,17597.599609
1671015141.990493,152339.000,23821,1,EL,1,100,17583.800781
1671015142.056907,152403.333,23853,3,EL,1,100,17580.599609
1671015142.123321,152467.667,23853,3,EL,1,100,17576.400391
1671015142.189734,152532.000,23853,3,EL,1,100,17574.800781
1671015142.255804,152596.000,23869,2,EL,1,100,17563.199219
1671015142.321873,152660.000,23869,2,EL,1,100,17562.000000
1671015142.388975,152725.000,23886,1,EL,1,100,17554.599609
1671015142.457110,152791.000,23903,2,EL,1,100,17532.599609
1671015142.525244,152857.000,23903,2,EL,1,100,17527.400391
1671015142.592862,152922.500,23922,2,EL,1,100,17528.800781
1671015142.660480,152988.000,23922,2,EL,1,100,17519.800781
1671015142.726550,153052.000,23941,1,EL,1,100,17511.800781
1671015142.793135,153116.500,23959,2,EL,1,100,17499.000000
1671015142.859721,153181.000,23959,2,EL,1,100,17501.199219
1671015142.925791,153245.000,23977,1,EL,1,100,17492.000000
1671015142.991344,153308.500,23994,2,EL,1,100,17468.800781
1671015143.056897,153372.000,23994,2,EL,1,100,17465.599609
1671015143.121935,153435.000,24010,1,EL,1,100,17450.199219
1671015143.189037,153500.000,24032,2,EL,1,100,17446.199219
1671015143.256139,153565.000,24032,2,EL,1,100,17441.199219
1671015143.323241,153630.000,24047,2,EL,1,100,17442.800781
1671015143.390342,153695.000,24047,2,EL,1,100,17452.199219
1671015143.457444,153760.000,24064,1,EL,1,100,17445.599609
1671015143.523514,153824.000,24083,2,EL,1,100,17428.000000
1671015143.589583,153888.000,24083,2,EL,1,100,17443.599609
1671015143.656685,153953.000,24100,1,EL,1,100,17474.400391
1671015143.722755,154017.000,24114,2,EL,1,100,17482.599609
1671015143.788824,154081.000,24114,2,EL,1,100,17488.000000
1671015143.854894,154145.000,24135,1,EL,1,100,17497.400391
1671015143.921480,154209.500,24153,2,EL,1,100,17497.199219
1671015143.988065,154274.000,24153,2,EL,1,100,17483.199219
