LocalTimestamp,EmotiBitTimestamp,PacketNumber,DataLength,TypeTag,ProtocolVersion,DataReliability,EA
1671015035.447117,49133.000,6085,2,EA,1,100,0.030324
1671015035.447117,49133.000,6085,2,EA,1,100,0.030324
1671015035.513703,49197.500,6102,2,EA,1,100,0.030324
1671015035.580289,49262.000,6102,2,EA,1,100,0.030324
1671015035.647391,49327.000,6121,1,EA,1,100,0.030324
1671015035.713460,49391.000,6139,2,EA,1,100,0.030324
1671015035.779530,49455.000,6139,2,EA,1,100,0.030324
1671015035.845599,49519.000,6155,1,EA,1,100,0.030324
1671015035.912701,49584.000,6170,2,EA,1,100,0.030324
1671015035.979803,49649.000,6170,2,EA,1,100,0.030324
1671015036.046905,49714.000,6187,1,EA,1,100,0.030324
1671015036.115039,49780.000,6209,2,EA,1,100,0.030324
1671015036.183174,49846.000,6209,2,EA,1,100,0.030324
1671015036.249243,49910.000,6225,1,EA,1,100,0.030324
1671015036.315829,49974.500,6242,2,EA,1,100,0.030324
1671015036.382415,50039.000,6242,2,EA,1,100,0.030324
1671015036.447968,50102.500,6257,2,EA,1,100,0.030324
1671015036.513522,50166.000,6257,2,EA,1,100,0.030324
1671015036.581656,50232.000,6282,1,EA,1,100,0.030323
1671015036.647209,50295.500,6299,2,EA,1,100,0.030324
1671015036.712763,50359.000,6299,2,EA,1,100,0.030323
1671015036.780897,50425.000,6316,1,EA,1,100,0.030324
1671015036.847999,50490.000,6330,2,EA,1,100,0.030323
1671015036.915101,50555.000,6330,2,EA,1,100,0.030323
1671015036.981686,50619.500,6348,2,EA,1,100,0.030323
1671015037.048272,50684.000,6348,2,EA,1,100,0.030323
1671015037.114342,50748.000,6369,1,EA,1,100,0.030323
1671015037.181444,50813.000,6386,2,EA,1,100,0.030324
1671015037.248546,50878.000,6386,2,EA,1,100,0.030323
1671015037.313583,50941.000,6402,1,EA,1,100,0.030323
1671015037.379136,51004.500,6418,2,EA,1,100,0.030323
1671015037.444690,51068.000,6418,2,EA,1,100,0.030324
1671015037.512824,51134.000,6434,1,EA,1,100,0.030323
1671015037.579926,51199.000,6454,2,EA,1,100,0.030323
1671015037.647028,51264.000,6454,2,EA,1,100,0.030323
1671015037.714129,51329.000,6473,2,EA,1,100,0.030323
1671015037.781231,51394.000,6473,2,EA,1,100,0.030323
1671015037.847301,51458.000,6490,1,EA,1,100,0.030323
1671015037.913887,51522.500,6504,2,EA,1,100,0.030323
1671015037.980473,51587.000,6504,2,EA,1,100,0.030323
1671015038.046542,51651.000,6522,1,EA,1,100,0.030323
1671015038.112612,51715.000,6543,2,EA,1,100,0.030323
1671015038.178681,51779.000,6543,2,EA,1,100,0.030323
1671015038.245783,51844.000,6560,2,EA,1,100,0.030324
1671015038.312885,51909.000,6560,2,EA,1,100,0.030323
1671015038.379987,51974.000,6577,1,EA,1,100,0.030323
1671015038.448121,52040.000,6592,2,EA,1,100,0.030323
1671015038.516255,52106.000,6592,2,EA,1,100,0.030323
1671015038.583357,52171.000,6611,1,EA,1,100,0.030323
1671015038.649943,52235.500,6629,2,EA,1,100,0.030323
1671015038.716529,52300.000,6629,2,EA,1,100,0.030323
1671015038.779501,52361.000,6645,1,EA,1,100,0.030323
1671015038.846087,52425.500,6663,2,EA,1,100,0.030323
1671015038.912673,52490.000,6663,2,EA,1,100,0.030323
1671015038.980291,52555.500,6679,2,EA,1,100,0.030323
1671015039.047909,52621.000,6679,2,EA,1,100,0.030323
1671015039.116043,52687.000,6698,1,EA,1,100,0.030323
1671015039.183145,52752.000,6717,2,EA,1,100,0.030323
1671015039.250247,52817.000,6717,2,EA,1,100,0.030323
1671015039.316317,52881.000,6734,1,EA,1,100,0.030323
1671015039.382902,52945.500,6749,2,EA,1,100,0.030323
1671015039.449488,53010.000,6749,2,EA,1,100,0.030324
1671015039.516590,53075.000,6766,1,EA,1,100,0.030323
1671015039.582143,53138.500,6785,2,EA,1,100,0.030323
1671015039.647697,53202.000,6785,2,EA,1,100,0.030323
1671015039.712734,53265.000,6803,1,EA,1,100,0.030324
1671015039.779320,53329.500,6818,2,EA,1,100,0.030323
1671015039.845906,53394.000,6818,2,EA,1,100,0.030324
1671015039.914040,53460.000,6834,2,EA,1,100,0.030323
1671015039.982174,53526.000,6834,2,EA,1,100,0.030323
1671015040.049276,53591.000,6851,1,EA,1,100,0.030323
1671015040.115862,53655.500,6873,2,EA,1,100,0.030324
1671015040.182447,53720.000,6873,2,EA,1,100,0.030323
1671015040.246452,53782.000,6889,1,EA,1,100,0.030323
1671015040.313038,53846.500,6905,2,EA,1,100,0.030323
1671015040.379624,53911.000,6905,2,EA,1,100,0.030324
1671015040.445693,53975.000,6921,1,EA,1,100,0.030323
1671015040.513311,54040.500,6941,2,EA,1,100,0.030324
1671015040.580930,54106.000,6941,2,EA,1,100,0.030323
1671015040.647515,54170.500,6958,2,EA,1,100,0.030324
1671015040.714101,54235.000,6958,2,EA,1,100,0.030324
1671015040.779138,54298.000,6975,1,EA,1,100,0.030324
1671015040.844692,54361.500,6989,2,EA,1,100,0.030323
1671015040.910245,54425.000,6989,2,EA,1,100,0.030324
1671015040.977347,54490.000,7006,1,EA,1,100,0.030324
1671015041.043417,54554.000,7028,2,EA,1,100,0.030324
1671015041.109486,54618.000,7028,2,EA,1,100,0.030324
1671015041.175556,54682.000,7045,2,EA,1,100,0.030324
1671015041.241625,54746.000,7045,2,EA,1,100,0.030323
1671015041.309759,54812.000,7061,1,EA,1,100,0.030324
1671015041.377378,54877.500,7077,2,EA,1,100,0.030324
1671015041.444996,54943.000,7077,2,EA,1,100,0.030324
1671015041.512098,55008.000,7093,1,EA,1,100,0.030324
1671015041.578683,55072.500,7113,2,EA,1,100,0.030324
1671015041.645269,55137.000,7113,2,EA,1,100,0.030324
1671015041.710306,55200.000,7130,1,EA,1,100,0.030324
1671015041.776892,55264.500,7150,2,EA,1,100,0.030324
1671015041.843478,55329.000,7150,2,EA,1,100,0.030324
1671015041.909547,55393.000,7166,2,EA,1,100,0.030324
1671015041.975617,55457.000,7166,2,EA,1,100,0.030324
1671015042.041686,55521.000,7185,2,EA,1,100,0.030324
1671015042.107756,55585.000,7185,2,EA,1,100,0.030324
1671015042.174858,55650.000,7205,1,EA,1,100,0.030324
1671015042.240927,55714.000,7222,2,EA,1,100,0.030324
1671015042.306997,55778.000,7222,2,EA,1,100,0.030324
1671015042.373067,55842.000,7239,1,EA,1,100,0.030324
1671015042.439652,55906.500,7254,2,EA,1,100,0.030324
1671015042.506238,55971.000,7254,2,EA,1,100,0.030324
1671015042.572308,56035.000,7270,1,EA,1,100,0.030324
1671015042.638893,56099.500,7291,2,EA,1,100,0.030324
1671015042.705479,56164.000,7291,2,EA,1,100,0.030324
1671015042.773097,56229.500,7307,2,EA,1,100,0.030324
1671015042.840715,56295.000,7307,2,EA,1,100,0.030324
1671015042.905752,56358.000,7324,1,EA,1,100,0.030324
1671015042.972338,56422.500,7339,2,EA,1,100,0.030324
1671015043.038924,56487.000,7339,2,EA,1,100,0.030324
1671015043.104994,56551.000,7358,1,EA,1,100,0.030324
1671015043.171063,56615.000,7377,2,EA,1,100,0.030324
1671015043.237133,56679.000,7377,2,EA,1,100,0.030324
1671015043.302170,56742.000,7394,1,EA,1,100,0.030324
1671015043.369272,56807.000,7410,2,EA,1,100,0.030324
1671015043.436374,56872.000,7410,2,EA,1,100,0.030324
1671015043.502959,56936.500,7426,2,EA,1,100,0.030324
1671015043.569545,57001.000,7426,2,EA,1,100,0.030324
1671015043.635615,57065.000,7445,1,EA,1,100,0.030324
1671015043.701684,57129.000,7463,2,EA,1,100,0.030324
1671015043.767754,57193.000,7463,2,EA,1,100,0.030324
1671015043.833823,57257.000,7479,1,EA,1,100,0.030324
1671015043.900925,57322.000,7494,2,EA,1,100,0.030324
1671015043.968027,57387.000,7494,2,EA,1,100,0.030324
1671015044.035129,57452.000,7511,1,EA,1,100,0.030324
1671015044.101715,57516.500,7533,2,EA,1,100,0.030324
1671015044.168301,57581.000,7533,2,EA,1,100,0.030324
1671015044.234370,57645.000,7549,2,EA,1,100,0.030324
1671015044.300440,57709.000,7549,2,EA,1,100,0.030324
1671015044.365477,57772.000,7566,1,EA,1,100,0.030324
1671015044.432579,57837.000,7581,2,EA,1,100,0.030324
1671015044.499681,57902.000,7581,2,EA,1,100,0.030324
1671015044.565234,57965.500,7601,2,EA,1,100,0.030324
1671015044.630788,58029.000,7601,2,EA,1,100,0.030325
1671015044.697890,58094.000,7618,1,EA,1,100,0.030324
1671015044.763959,58158.000,7635,2,EA,1,100,0.030324
1671015044.830029,58222.000,7635,2,EA,1,100,0.030324
1671015044.897131,58287.000,7651,1,EA,1,100,0.030324
1671015044.963716,58351.500,7667,2,EA,1,100,0.030324
1671015045.030302,58416.000,7667,2,EA,1,100,0.030324
1671015045.096372,58480.000,7688,2,EA,1,100,0.030324
1671015045.162441,58544.000,7688,2,EA,1,100,0.030324
1671015045.228511,58608.000,7705,1,EA,1,100,0.030324
1671015045.296645,58674.000,7722,2,EA,1,100,0.030324
1671015045.364779,58740.000,7722,2,EA,1,100,0.030324
1671015045.429816,58803.000,7739,1,EA,1,100,0.030324
1671015045.496402,58867.500,7753,2,EA,1,100,0.030324
1671015045.562988,58932.000,7753,2,EA,1,100,0.030325
1671015045.630090,58997.000,7773,1,EA,1,100,0.030324
1671015045.696159,59061.000,7790,2,EA,1,100,0.030325
1671015045.762229,59125.000,7790,2,EA,1,100,0.030324
1671015045.828299,59189.000,7807,2,EA,1,100,0.030325
1671015045.894368,59253.000,7807,2,EA,1,100,0.030325
1671015045.960438,59317.000,7822,1,EA,1,100,0.030325
1671015046.026507,59381.000,7844,2,EA,1,100,0.030325
1671015046.092577,59445.000,7844,2,EA,1,100,0.030328
1671015046.160711,59511.000,7860,1,EA,1,100,0.030330
1671015046.227297,59575.500,7877,2,EA,1,100,0.030324
1671015046.293883,59640.000,7877,2,EA,1,100,0.030324
1671015046.360468,59704.500,7894,2,EA,1,100,0.030324
1671015046.427054,59769.000,7894,2,EA,1,100,0.030324
1671015046.491059,59831.000,7910,1,EA,1,100,0.030324
1671015046.557645,59895.500,7925,2,EA,1,100,0.030324
1671015046.624230,59960.000,7925,2,EA,1,100,0.030324
1671015046.690300,60024.000,7946,1,EA,1,100,0.030325
1671015046.758434,60090.000,7962,2,EA,1,100,0.030326
1671015046.826569,60156.000,7962,2,EA,1,100,0.030328
1671015046.892638,60220.000,7981,1,EA,1,100,0.030328
1671015046.959224,60284.500,7996,2,EA,1,100,0.030323
1671015047.025810,60349.000,7996,2,EA,1,100,0.030323
1671015047.092567,60413.667,8019,3,EA,1,100,0.030323
1671015047.159325,60478.333,8019,3,EA,1,100,0.030324
1671015047.226083,60543.000,8019,3,EA,1,100,0.030325
1671015047.291636,60606.500,8038,2,EA,1,100,0.030324
1671015047.357190,60670.000,8038,2,EA,1,100,0.030323
1671015047.423775,60734.500,8055,2,EA,1,100,0.030325
1671015047.490361,60799.000,8055,2,EA,1,100,0.030324
1671015047.555398,60862.000,8070,1,EA,1,100,0.030324
1671015047.623533,60928.000,8090,2,EA,1,100,0.030324
1671015047.691667,60994.000,8090,2,EA,1,100,0.030325
1671015047.758769,61059.000,8106,1,EA,1,100,0.030327
1671015047.825355,61123.500,8123,2,EA,1,100,0.030326
1671015047.891940,61188.000,8123,2,EA,1,100,0.030323
1671015047.958010,61252.000,8141,1,EA,1,100,0.030323
1671015048.024080,61316.000,8162,2,EA,1,100,0.030323
1671015048.090149,61380.000,8162,2,EA,1,100,0.030324
1671015048.156219,61444.000,8178,1,EA,1,100,0.030323
1671015048.224353,61510.000,8195,2,EA,1,100,0.030324
1671015048.292487,61576.000,8195,2,EA,1,100,0.030324
1671015048.360621,61642.000,8212,2,EA,1,100,0.030324
1671015048.428756,61708.000,8212,2,EA,1,100,0.030324
1671015048.495857,61773.000,8229,1,EA,1,100,0.030324
1671015048.562443,61837.500,8246,2,EA,1,100,0.030324
1671015048.629029,61902.000,8246,2,EA,1,100,0.030324
1671015048.696131,61967.000,8264,1,EA,1,100,0.030324
1671015048.761168,62030.000,8280,2,EA,1,100,0.030324
1671015048.826205,62093.000,8280,2,EA,1,100,0.030324
1671015048.892275,62157.000,8297,1,EA,1,100,0.030324
1671015048.959893,62222.500,8313,2,EA,1,100,0.030325
1671015049.027511,62288.000,8313,2,EA,1,100,0.030325
1671015049.095645,62354.000,8334,1,EA,1,100,0.030324
1671015049.162747,62419.000,8350,2,EA,1,100,0.030324
1671015049.229849,62484.000,8350,2,EA,1,100,0.030325
1671015049.295919,62548.000,8368,2,EA,1,100,0.030324
1671015049.361988,62612.000,8368,2,EA,1,100,0.030324
1671015049.429090,62677.000,8384,1,EA,1,100,0.030324
1671015049.495160,62741.000,8399,2,EA,1,100,0.030324
1671015049.561229,62805.000,8399,2,EA,1,100,0.030324
1671015049.627299,62869.000,8418,1,EA,1,100,0.030324
1671015049.693885,62933.500,8436,2,EA,1,100,0.030324
1671015049.760470,62998.000,8436,2,EA,1,100,0.030324
1671015049.825508,63061.000,8452,1,EA,1,100,0.030324
1671015049.893642,63127.000,8468,2,EA,1,100,0.030324
1671015049.961776,63193.000,8468,2,EA,1,100,0.030324
1671015050.028362,63257.500,8486,2,EA,1,100,0.030324
1671015050.094948,63322.000,8486,2,EA,1,100,0.030324
1671015050.162050,63387.000,8506,1,EA,1,100,0.030324
1671015050.227087,63450.000,8522,2,EA,1,100,0.030324
1671015050.292124,63513.000,8522,2,EA,1,100,0.030324
1671015050.359226,63578.000,8540,1,EA,1,100,0.030324
1671015050.426328,63643.000,8556,2,EA,1,100,0.030324
1671015050.493430,63708.000,8556,2,EA,1,100,0.030324
1671015050.562596,63775.000,8573,1,EA,1,100,0.030324
1671015050.629698,63840.000,8593,2,EA,1,100,0.030324
1671015050.696800,63905.000,8593,2,EA,1,100,0.030324
1671015050.762870,63969.000,8610,2,EA,1,100,0.030325
1671015050.828939,64033.000,8610,2,EA,1,100,0.030325
1671015050.893976,64096.000,8625,1,EA,1,100,0.030325
1671015050.960046,64160.000,8642,2,EA,1,100,0.030324
1671015051.026116,64224.000,8642,2,EA,1,100,0.030325
1671015051.093217,64289.000,8660,1,EA,1,100,0.030324
1671015051.159287,64353.000,8677,2,EA,1,100,0.030325
1671015051.225357,64417.000,8677,2,EA,1,100,0.030324
1671015051.293491,64483.000,8696,1,EA,1,100,0.030325
1671015051.361109,64548.500,8712,2,EA,1,100,0.030325
1671015051.428727,64614.000,8712,2,EA,1,100,0.030325
1671015051.495829,64679.000,8728,1,EA,1,100,0.030325
1671015051.561898,64743.000,8745,2,EA,1,100,0.030326
1671015051.627968,64807.000,8745,2,EA,1,100,0.030325
1671015051.694038,64871.000,8765,2,EA,1,100,0.030325
1671015051.760107,64935.000,8765,2,EA,1,100,0.030326
1671015051.826177,64999.000,8782,1,EA,1,100,0.030327
1671015051.892246,65063.000,8796,2,EA,1,100,0.030326
1671015051.958316,65127.000,8796,2,EA,1,100,0.030327
1671015052.026450,65193.000,8814,1,EA,1,100,0.030326
1671015052.092004,65256.500,8833,2,EA,1,100,0.030327
1671015052.157557,65320.000,8833,2,EA,1,100,0.030326
1671015052.223627,65384.000,8852,2,EA,1,100,0.030326
1671015052.289696,65448.000,8852,2,EA,1,100,0.030325
1671015052.355766,65512.000,8877,3,EA,1,100,0.030325
1671015052.421835,65576.000,8877,3,EA,1,100,0.030325
1671015052.487905,65640.000,8877,3,EA,1,100,0.030325
1671015052.553974,65704.000,8893,1,EA,1,100,0.030325
1671015052.620560,65768.500,8912,2,EA,1,100,0.030326
1671015052.687146,65833.000,8912,2,EA,1,100,0.030325
1671015052.755280,65899.000,8930,1,EA,1,100,0.030326
1671015052.822898,65964.500,8945,2,EA,1,100,0.030326
1671015052.890516,66030.000,8945,2,EA,1,100,0.030326
1671015052.958651,66096.000,8961,1,EA,1,100,0.030326
1671015053.024204,66159.500,8982,2,EA,1,100,0.030326
1671015053.089757,66223.000,8982,2,EA,1,100,0.030325
1671015053.155827,66287.000,8998,2,EA,1,100,0.030326
1671015053.221896,66351.000,8998,2,EA,1,100,0.030326
1671015053.286934,66414.000,9017,1,EA,1,100,0.030326
1671015053.354036,66479.000,9034,2,EA,1,100,0.030326
1671015053.421138,66544.000,9034,2,EA,1,100,0.030326
1671015053.487207,66608.000,9051,1,EA,1,100,0.030325
1671015053.553793,66672.500,9070,2,EA,1,100,0.030327
1671015053.620378,66737.000,9070,2,EA,1,100,0.030326
1671015053.686448,66801.000,9088,2,EA,1,100,0.030326
1671015053.752518,66865.000,9088,2,EA,1,100,0.030325
1671015053.819103,66929.500,9104,2,EA,1,100,0.030325
1671015053.885689,66994.000,9104,2,EA,1,100,0.030324
1671015053.951759,67058.000,9121,1,EA,1,100,0.030325
1671015054.018344,67122.500,9138,2,EA,1,100,0.030325
1671015054.084930,67187.000,9138,2,EA,1,100,0.030325
1671015054.152032,67252.000,9156,1,EA,1,100,0.030325
1671015054.218102,67316.000,9174,2,EA,1,100,0.030325
1671015054.284171,67380.000,9174,2,EA,1,100,0.030325
1671015054.349209,67443.000,9192,1,EA,1,100,0.030326
1671015054.416310,67508.000,9207,2,EA,1,100,0.030325
1671015054.483412,67573.000,9207,2,EA,1,100,0.030326
1671015054.548966,67636.500,9223,2,EA,1,100,0.030325
1671015054.614519,67700.000,9223,2,EA,1,100,0.030326
1671015054.681621,67765.000,9243,1,EA,1,100,0.030325
1671015054.747691,67829.000,9260,2,EA,1,100,0.030326
1671015054.813760,67893.000,9260,2,EA,1,100,0.030325
1671015054.880862,67958.000,9276,1,EA,1,100,0.030326
1671015054.946932,68022.000,9292,2,EA,1,100,0.030326
1671015055.013001,68086.000,9292,2,EA,1,100,0.030326
1671015055.081136,68152.000,9310,1,EA,1,100,0.030325
1671015055.146689,68215.500,9330,2,EA,1,100,0.030326
1671015055.212242,68279.000,9330,2,EA,1,100,0.030325
1671015055.280376,68345.000,9347,2,EA,1,100,0.030326
1671015055.348511,68411.000,9347,2,EA,1,100,0.030325
1671015055.413548,68474.000,9364,1,EA,1,100,0.030326
1671015055.480134,68538.500,9378,2,EA,1,100,0.030326
1671015055.546720,68603.000,9378,2,EA,1,100,0.030327
1671015055.613821,68668.000,9395,1,EA,1,100,0.030326
1671015055.679891,68732.000,9413,2,EA,1,100,0.030327
1671015055.745960,68796.000,9413,2,EA,1,100,0.030326
1671015055.813062,68861.000,9432,1,EA,1,100,0.030326
1671015055.879132,68925.000,9446,2,EA,1,100,0.030326
1671015055.945202,68989.000,9446,2,EA,1,100,0.030326
1671015056.011271,69053.000,9466,2,EA,1,100,0.030326
1671015056.077341,69117.000,9466,2,EA,1,100,0.030327
1671015056.144443,69182.000,9485,1,EA,1,100,0.030326
1671015056.211028,69246.500,9504,2,EA,1,100,0.030326
1671015056.277614,69311.000,9504,2,EA,1,100,0.030326
1671015056.343684,69375.000,9521,1,EA,1,100,0.030326
1671015056.409237,69438.500,9536,2,EA,1,100,0.030326
1671015056.474790,69502.000,9536,2,EA,1,100,0.030327
1671015056.541376,69566.500,9553,2,EA,1,100,0.030326
1671015056.607962,69631.000,9553,2,EA,1,100,0.030327
1671015056.674031,69695.000,9573,1,EA,1,100,0.030326
1671015056.742166,69761.000,9589,2,EA,1,100,0.030327
1671015056.810300,69827.000,9589,2,EA,1,100,0.030326
1671015056.876369,69891.000,9606,1,EA,1,100,0.030327
1671015056.942955,69955.500,9621,2,EA,1,100,0.030326
1671015057.009541,70020.000,9621,2,EA,1,100,0.030327
1671015057.075611,70084.000,9643,1,EA,1,100,0.030326
1671015057.142713,70149.000,9659,2,EA,1,100,0.030327
1671015057.209814,70214.000,9659,2,EA,1,100,0.030326
1671015057.276400,70278.500,9677,2,EA,1,100,0.030327
1671015057.342986,70343.000,9677,2,EA,1,100,0.030326
1671015057.409055,70407.000,9693,2,EA,1,100,0.030327
1671015057.475125,70471.000,9693,2,EA,1,100,0.030326
1671015057.542227,70536.000,9712,2,EA,1,100,0.030325
1671015057.609329,70601.000,9712,2,EA,1,100,0.030324
1671015057.676431,70666.000,9737,2,EA,1,100,0.030324
1671015057.743533,70731.000,9737,2,EA,1,100,0.030324
1671015057.809602,70795.000,9754,1,EA,1,100,0.030325
1671015057.876188,70859.500,9768,2,EA,1,100,0.030325
1671015057.942774,70924.000,9768,2,EA,1,100,0.030325
1671015058.008843,70988.000,9786,1,EA,1,100,0.030325
1671015058.074913,71052.000,9807,2,EA,1,100,0.030326
1671015058.140982,71116.000,9807,2,EA,1,100,0.030325
1671015058.208601,71181.500,9824,2,EA,1,100,0.030325
1671015058.276219,71247.000,9824,2,EA,1,100,0.030324
1671015058.342288,71311.000,9841,1,EA,1,100,0.030325
1671015058.408874,71375.500,9856,2,EA,1,100,0.030325
1671015058.475460,71440.000,9856,2,EA,1,100,0.030326
1671015058.542562,71505.000,9872,1,EA,1,100,0.030325
1671015058.609147,71569.500,9893,2,EA,1,100,0.030326
1671015058.675733,71634.000,9893,2,EA,1,100,0.030326
1671015058.738706,71695.000,9909,1,EA,1,100,0.030326
1671015058.805291,71759.500,9925,2,EA,1,100,0.030326
1671015058.871877,71824.000,9925,2,EA,1,100,0.030327
1671015058.939495,71889.500,9941,2,EA,1,100,0.030328
1671015059.007113,71955.000,9941,2,EA,1,100,0.030334
1671015059.075248,72021.000,9960,1,EA,1,100,0.030353
1671015059.142349,72086.000,9981,2,EA,1,100,0.030364
1671015059.209451,72151.000,9981,2,EA,1,100,0.030328
1671015059.275521,72215.000,9998,1,EA,1,100,0.030341
1671015059.342107,72279.500,10015,2,EA,1,100,0.030374
1671015059.408692,72344.000,10015,2,EA,1,100,0.030330
1671015059.475794,72409.000,10032,1,EA,1,100,0.030323
1671015059.541348,72472.500,10048,2,EA,1,100,0.030323
1671015059.606901,72536.000,10048,2,EA,1,100,0.030327
1671015059.673487,72600.500,10069,2,EA,1,100,0.030328
1671015059.740072,72665.000,10069,2,EA,1,100,0.030329
1671015059.805110,72728.000,10085,1,EA,1,100,0.030324
1671015059.873244,72794.000,10100,2,EA,1,100,0.030323
1671015059.941378,72860.000,10100,2,EA,1,100,0.030323
1671015060.008480,72925.000,10117,1,EA,1,100,0.030323
1671015060.075066,72989.500,10139,2,EA,1,100,0.030327
1671015060.141652,73054.000,10139,2,EA,1,100,0.030326
1671015060.205657,73116.000,10155,1,EA,1,100,0.030338
1671015060.272242,73180.500,10171,2,EA,1,100,0.030358
1671015060.338828,73245.000,10171,2,EA,1,100,0.030352
1671015060.404897,73309.000,10187,1,EA,1,100,0.030330
1671015060.473548,73375.500,10204,2,EA,1,100,0.030323
1671015060.542198,73442.000,10204,2,EA,1,100,0.030323
1671015060.608784,73506.500,10221,2,EA,1,100,0.030323
1671015060.675370,73571.000,10221,2,EA,1,100,0.030323
1671015060.742472,73636.000,10241,1,EA,1,100,0.030325
1671015060.809574,73701.000,10255,2,EA,1,100,0.030327
1671015060.876676,73766.000,10255,2,EA,1,100,0.030326
1671015060.943778,73831.000,10272,1,EA,1,100,0.030328
1671015061.009847,73895.000,10291,2,EA,1,100,0.030332
1671015061.075917,73959.000,10291,2,EA,1,100,0.030331
1671015061.141986,74023.000,10311,1,EA,1,100,0.030326
1671015061.209088,74088.000,10326,2,EA,1,100,0.030323
1671015061.276190,74153.000,10326,2,EA,1,100,0.030322
1671015061.344324,74219.000,10343,1,EA,1,100,0.030324
1671015061.411426,74284.000,10359,2,EA,1,100,0.030336
1671015061.478528,74349.000,10359,2,EA,1,100,0.030330
1671015061.544598,74413.000,10376,2,EA,1,100,0.030336
1671015061.610667,74477.000,10376,2,EA,1,100,0.030356
1671015061.675704,74540.000,10396,1,EA,1,100,0.030348
1671015061.741774,74604.000,10411,2,EA,1,100,0.030323
1671015061.807843,74668.000,10411,2,EA,1,100,0.030322
1671015061.875978,74734.000,10429,1,EA,1,100,0.030327
1671015061.942564,74798.500,10447,2,EA,1,100,0.030331
1671015062.009149,74863.000,10447,2,EA,1,100,0.030331
1671015062.074703,74926.500,10465,2,EA,1,100,0.030343
1671015062.140256,74990.000,10465,2,EA,1,100,0.030350
1671015062.207358,75055.000,10484,1,EA,1,100,0.030345
1671015062.272911,75118.500,10501,2,EA,1,100,0.030324
1671015062.338465,75182.000,10501,2,EA,1,100,0.030322
1671015062.404534,75246.000,10517,2,EA,1,100,0.030323
1671015062.470604,75310.000,10517,2,EA,1,100,0.030327
1671015062.536674,75374.000,10533,1,EA,1,100,0.030329
1671015062.603259,75438.500,10554,2,EA,1,100,0.030343
1671015062.669845,75503.000,10554,2,EA,1,100,0.030338
1671015062.737979,75569.000,10570,1,EA,1,100,0.030325
1671015062.805597,75634.500,10585,2,EA,1,100,0.030323
1671015062.873215,75700.000,10585,2,EA,1,100,0.030325
1671015062.940317,75765.000,10606,1,EA,1,100,0.030327
1671015063.006387,75829.000,10626,2,EA,1,100,0.030330
1671015063.072456,75893.000,10626,2,EA,1,100,0.030331
1671015063.138526,75957.000,10647,2,EA,1,100,0.030335
1671015063.204596,76021.000,10647,2,EA,1,100,0.030326
1671015063.269633,76084.000,10663,1,EA,1,100,0.030323
1671015063.336735,76149.000,10679,2,EA,1,100,0.030324
1671015063.403837,76214.000,10679,2,EA,1,100,0.030325
1671015063.469906,76278.000,10696,1,EA,1,100,0.030325
1671015063.536492,76342.500,10712,2,EA,1,100,0.030326
1671015063.603078,76407.000,10712,2,EA,1,100,0.030326
1671015063.669147,76471.000,10731,2,EA,1,100,0.030328
1671015063.735217,76535.000,10731,2,EA,1,100,0.030328
1671015063.801286,76599.000,10749,1,EA,1,100,0.030328
1671015063.867872,76663.500,10764,2,EA,1,100,0.030328
1671015063.934458,76728.000,10764,2,EA,1,100,0.030329
1671015064.001560,76793.000,10781,1,EA,1,100,0.030327
1671015064.068146,76857.500,10801,2,EA,1,100,0.030329
1671015064.134731,76922.000,10801,2,EA,1,100,0.030328
1671015064.200801,76986.000,10819,2,EA,1,100,0.030329
1671015064.266870,77050.000,10819,2,EA,1,100,0.030329
1671015064.331908,77113.000,10836,1,EA,1,100,0.030330
1671015064.399009,77178.000,10851,2,EA,1,100,0.030329
1671015064.466111,77243.000,10851,2,EA,1,100,0.030330
1671015064.531149,77306.000,10868,1,EA,1,100,0.030328
1671015064.597734,77370.500,10887,2,EA,1,100,0.030330
1671015064.664320,77435.000,10887,2,EA,1,100,0.030329
1671015064.730390,77499.000,10907,1,EA,1,100,0.030331
1671015064.796975,77563.500,10921,2,EA,1,100,0.030331
1671015064.863561,77628.000,10921,2,EA,1,100,0.030331
1671015064.929631,77692.000,10939,2,EA,1,100,0.030330
1671015064.995700,77756.000,10939,2,EA,1,100,0.030332
1671015065.063835,77822.000,10957,1,EA,1,100,0.030330
1671015065.129388,77885.500,10977,2,EA,1,100,0.030332
1671015065.194941,77949.000,10977,2,EA,1,100,0.030329
1671015065.262043,78014.000,10993,1,EA,1,100,0.030332
1671015065.329145,78079.000,11009,2,EA,1,100,0.030330
1671015065.396247,78144.000,11009,2,EA,1,100,0.030333
1671015065.463349,78209.000,11025,1,EA,1,100,0.030330
1671015065.529935,78273.500,11045,2,EA,1,100,0.030333
1671015065.596520,78338.000,11045,2,EA,1,100,0.030330
1671015065.662590,78402.000,11062,2,EA,1,100,0.030331
1671015065.728660,78466.000,11062,2,EA,1,100,0.030330
1671015065.795762,78531.000,11079,1,EA,1,100,0.030333
1671015065.861831,78595.000,11093,2,EA,1,100,0.030331
1671015065.927901,78659.000,11093,2,EA,1,100,0.030333
1671015065.993970,78723.000,11113,2,EA,1,100,0.030331
1671015066.060040,78787.000,11113,2,EA,1,100,0.030332
1671015066.127142,78852.000,11129,1,EA,1,100,0.030331
1671015066.193727,78916.500,11149,2,EA,1,100,0.030335
1671015066.260313,78981.000,11149,2,EA,1,100,0.030331
1671015066.325351,79044.000,11166,1,EA,1,100,0.030334
1671015066.391420,79108.000,11181,2,EA,1,100,0.030333
1671015066.457489,79172.000,11181,2,EA,1,100,0.030333
1671015066.525624,79238.000,11197,1,EA,1,100,0.030332
1671015066.591177,79301.500,11218,2,EA,1,100,0.030337
1671015066.656731,79365.000,11218,2,EA,1,100,0.030333
1671015066.724865,79431.000,11234,2,EA,1,100,0.030335
1671015066.792999,79497.000,11234,2,EA,1,100,0.030335
1671015066.859069,79561.000,11251,1,EA,1,100,0.030337
1671015066.925654,79625.500,11266,2,EA,1,100,0.030336
1671015066.992240,79690.000,11266,2,EA,1,100,0.030339
1671015067.058310,79754.000,11285,1,EA,1,100,0.030336
1671015067.125412,79819.000,11304,2,EA,1,100,0.030340
1671015067.192513,79884.000,11304,2,EA,1,100,0.030336
1671015067.257551,79947.000,11321,1,EA,1,100,0.030339
1671015067.324136,80011.500,11336,2,EA,1,100,0.030336
1671015067.390722,80076.000,11336,2,EA,1,100,0.030339
1671015067.456792,80140.000,11353,2,EA,1,100,0.030338
1671015067.522861,80204.000,11353,2,EA,1,100,0.030343
1671015067.592028,80271.000,11369,1,EA,1,100,0.030341
1671015067.659130,80336.000,11390,2,EA,1,100,0.030346
1671015067.726232,80401.000,11390,2,EA,1,100,0.030345
1671015067.792301,80465.000,11406,1,EA,1,100,0.030348
1671015067.858887,80529.500,11421,2,EA,1,100,0.030349
1671015067.925473,80594.000,11421,2,EA,1,100,0.030353
1671015067.991542,80658.000,11438,1,EA,1,100,0.030351
1671015068.057612,80722.000,11459,2,EA,1,100,0.030348
1671015068.123682,80786.000,11459,2,EA,1,100,0.030350
1671015068.191816,80852.000,11483,2,EA,1,100,0.030356
1671015068.259950,80918.000,11483,2,EA,1,100,0.030358
1671015068.326020,80982.000,11501,1,EA,1,100,0.030363
1671015068.392605,81046.500,11515,2,EA,1,100,0.030361
1671015068.459191,81111.000,11515,2,EA,1,100,0.030364
1671015068.526293,81176.000,11532,1,EA,1,100,0.030366
1671015068.592879,81240.500,11554,2,EA,1,100,0.030367
1671015068.659464,81305.000,11554,2,EA,1,100,0.030367
1671015068.722437,81366.000,11571,1,EA,1,100,0.030373
1671015068.789023,81430.500,11586,2,EA,1,100,0.030376
1671015068.855608,81495.000,11586,2,EA,1,100,0.030380
1671015068.922194,81559.500,11603,2,EA,1,100,0.030382
1671015068.988780,81624.000,11603,2,EA,1,100,0.030385
1671015069.056914,81690.000,11621,1,EA,1,100,0.030386
1671015069.124016,81755.000,11643,2,EA,1,100,0.030385
1671015069.191118,81820.000,11643,2,EA,1,100,0.030389
1671015069.257188,81884.000,11662,2,EA,1,100,0.030393
1671015069.323257,81948.000,11662,2,EA,1,100,0.030393
1671015069.390359,82013.000,11679,1,EA,1,100,0.030399
1671015069.455913,82076.500,11693,2,EA,1,100,0.030404
1671015069.521466,82140.000,11693,2,EA,1,100,0.030406
1671015069.589600,82206.000,11710,1,EA,1,100,0.030413
1671015069.657218,82271.500,11730,2,EA,1,100,0.030417
1671015069.724836,82337.000,11730,2,EA,1,100,0.030423
1671015069.789874,82400.000,11747,1,EA,1,100,0.030426
1671015069.858008,82466.000,11761,2,EA,1,100,0.030429
1671015069.926142,82532.000,11761,2,EA,1,100,0.030437
1671015069.993244,82597.000,11779,1,EA,1,100,0.030445
1671015070.059830,82661.500,11800,2,EA,1,100,0.030453
1671015070.126415,82726.000,11800,2,EA,1,100,0.030463
1671015070.191453,82789.000,11817,2,EA,1,100,0.030474
1671015070.256490,82852.000,11817,2,EA,1,100,0.030480
1671015070.323592,82917.000,11834,1,EA,1,100,0.030485
1671015070.390694,82982.000,11849,2,EA,1,100,0.030494
1671015070.457796,83047.000,11849,2,EA,1,100,0.030501
1671015070.526962,83114.000,11865,1,EA,1,100,0.030507
1671015070.593548,83178.500,11886,2,EA,1,100,0.030510
1671015070.660134,83243.000,11886,2,EA,1,100,0.030518
1671015070.726203,83307.000,11902,1,EA,1,100,0.030524
1671015070.792273,83371.000,11918,2,EA,1,100,0.030534
1671015070.858342,83435.000,11918,2,EA,1,100,0.030548
1671015070.924412,83499.000,11934,2,EA,1,100,0.030571
1671015070.990481,83563.000,11934,2,EA,1,100,0.030583
1671015071.057583,83628.000,11953,1,EA,1,100,0.030601
1671015071.123653,83692.000,11972,2,EA,1,100,0.030617
1671015071.189723,83756.000,11972,2,EA,1,100,0.030632
1671015071.257857,83822.000,11991,1,EA,1,100,0.030646
1671015071.325475,83887.500,12006,2,EA,1,100,0.030665
1671015071.393093,83953.000,12006,2,EA,1,100,0.030686
1671015071.460195,84018.000,12023,1,EA,1,100,0.030704
1671015071.526264,84082.000,12039,2,EA,1,100,0.030723
1671015071.592334,84146.000,12039,2,EA,1,100,0.030737
1671015071.658404,84210.000,12062,2,EA,1,100,0.030752
1671015071.724473,84274.000,12062,2,EA,1,100,0.030757
1671015071.789510,84337.000,12077,1,EA,1,100,0.030764
1671015071.857128,84402.500,12093,2,EA,1,100,0.030780
1671015071.924747,84468.000,12093,2,EA,1,100,0.030783
1671015071.992881,84534.000,12110,1,EA,1,100,0.030788
1671015072.058434,84597.500,12129,2,EA,1,100,0.030800
1671015072.123987,84661.000,12129,2,EA,1,100,0.030817
1671015072.191089,84726.000,12148,1,EA,1,100,0.030837
1671015072.257675,84790.500,12164,2,EA,1,100,0.030862
1671015072.324261,84855.000,12164,2,EA,1,100,0.030887
1671015072.391363,84920.000,12180,1,EA,1,100,0.030912
1671015072.456916,84983.500,12197,2,EA,1,100,0.030936
1671015072.522470,85047.000,12197,2,EA,1,100,0.030963
1671015072.589055,85111.500,12219,2,EA,1,100,0.030996
1671015072.655641,85176.000,12219,2,EA,1,100,0.031025
1671015072.723775,85242.000,12236,1,EA,1,100,0.031063
1671015072.791394,85307.500,12250,2,EA,1,100,0.031113
1671015072.859011,85373.000,12250,2,EA,1,100,0.031168
1671015072.926113,85438.000,12267,1,EA,1,100,0.031220
1671015072.992183,85502.000,12286,2,EA,1,100,0.031257
1671015073.058253,85566.000,12286,2,EA,1,100,0.031283
1671015073.124322,85630.000,12308,2,EA,1,100,0.031314
1671015073.190392,85694.000,12308,2,EA,1,100,0.031340
1671015073.255429,85757.000,12324,1,EA,1,100,0.031370
1671015073.322531,85822.000,12342,2,EA,1,100,0.031396
1671015073.389633,85887.000,12342,2,EA,1,100,0.031417
1671015073.456218,85951.500,12363,2,EA,1,100,0.031438
1671015073.522804,86016.000,12363,2,EA,1,100,0.031444
1671015073.588874,86080.000,12380,1,EA,1,100,0.031460
1671015073.654943,86144.000,12400,2,EA,1,100,0.031473
1671015073.721013,86208.000,12400,2,EA,1,100,0.031447
1671015073.787082,86272.000,12417,1,EA,1,100,0.031396
1671015073.853152,86336.000,12432,2,EA,1,100,0.031392
1671015073.919222,86400.000,12432,2,EA,1,100,0.031399
1671015073.984775,86463.500,12451,2,EA,1,100,0.031402
1671015074.050328,86527.000,12451,2,EA,1,100,0.031400
1671015074.118463,86593.000,12470,1,EA,1,100,0.031395
1671015074.185565,86658.000,12487,2,EA,1,100,0.031401
1671015074.252666,86723.000,12487,2,EA,1,100,0.031403
1671015074.317704,86786.000,12504,1,EA,1,100,0.031400
1671015074.384806,86851.000,12519,2,EA,1,100,0.031411
1671015074.451908,86916.000,12519,2,EA,1,100,0.031412
1671015074.517461,86979.500,12535,2,EA,1,100,0.031411
1671015074.583014,87043.000,12535,2,EA,1,100,0.031421
1671015074.650116,87108.000,12556,1,EA,1,100,0.031427
1671015074.716186,87172.000,12572,2,EA,1,100,0.031443
1671015074.782255,87236.000,12572,2,EA,1,100,0.031450
1671015074.849357,87301.000,12593,1,EA,1,100,0.031454
1671015074.915427,87365.000,12608,2,EA,1,100,0.031465
1671015074.981497,87429.000,12608,2,EA,1,100,0.031466
1671015075.049631,87495.000,12627,1,EA,1,100,0.031479
1671015075.115184,87558.500,12643,2,EA,1,100,0.031481
1671015075.180737,87622.000,12643,2,EA,1,100,0.031484
1671015075.246807,87686.000,12663,1,EA,1,100,0.031491
1671015075.312877,87750.000,12679,2,EA,1,100,0.031502
1671015075.378946,87814.000,12679,2,EA,1,100,0.031512
1671015075.445532,87878.500,12697,2,EA,1,100,0.031530
1671015075.512118,87943.000,12697,2,EA,1,100,0.031526
1671015075.579220,88008.000,12713,1,EA,1,100,0.031507
1671015075.645289,88072.000,12731,2,EA,1,100,0.031487
1671015075.711359,88136.000,12731,2,EA,1,100,0.031470
1671015075.778461,88201.000,12750,1,EA,1,100,0.031462
1671015075.844530,88265.000,12765,2,EA,1,100,0.031469
1671015075.910600,88329.000,12765,2,EA,1,100,0.031484
1671015075.976669,88393.000,12784,2,EA,1,100,0.031496
1671015076.042739,88457.000,12784,2,EA,1,100,0.031510
1671015076.109841,88522.000,12801,1,EA,1,100,0.031532
1671015076.176427,88586.500,12817,2,EA,1,100,0.031543
1671015076.243012,88651.000,12817,2,EA,1,100,0.031543
1671015076.308049,88714.000,12837,1,EA,1,100,0.031546
1671015076.374119,88778.000,12851,2,EA,1,100,0.031576
1671015076.440189,88842.000,12851,2,EA,1,100,0.031627
1671015076.508323,88908.000,12871,1,EA,1,100,0.031673
1671015076.573876,88971.500,12891,2,EA,1,100,0.031719
1671015076.639430,89035.000,12891,2,EA,1,100,0.031761
1671015076.707564,89101.000,12908,2,EA,1,100,0.031785
1671015076.775698,89167.000,12908,2,EA,1,100,0.031787
1671015076.841768,89231.000,12926,1,EA,1,100,0.031785
1671015076.908354,89295.500,12942,2,EA,1,100,0.031769
1671015076.974939,89360.000,12942,2,EA,1,100,0.031765
1671015077.041009,89424.000,12960,1,EA,1,100,0.031756
1671015077.108111,89489.000,12980,2,EA,1,100,0.031748
1671015077.175213,89554.000,12980,2,EA,1,100,0.031738
1671015077.241798,89618.500,12997,2,EA,1,100,0.031730
1671015077.308384,89683.000,12997,2,EA,1,100,0.031725
1671015077.373421,89746.000,13014,1,EA,1,100,0.031715
1671015077.438975,89809.500,13030,2,EA,1,100,0.031715
1671015077.504528,89873.000,13030,2,EA,1,100,0.031707
1671015077.571630,89938.000,13047,1,EA,1,100,0.031713
1671015077.638732,90003.000,13067,2,EA,1,100,0.031721
1671015077.705834,90068.000,13067,2,EA,1,100,0.031733
1671015077.771904,90132.000,13084,1,EA,1,100,0.031746
1671015077.838489,90196.500,13099,2,EA,1,100,0.031765
1671015077.905075,90261.000,13099,2,EA,1,100,0.031775
1671015077.971144,90325.000,13118,2,EA,1,100,0.031780
1671015078.037214,90389.000,13118,2,EA,1,100,0.031786
1671015078.103284,90453.000,13134,1,EA,1,100,0.031794
1671015078.171418,90519.000,13154,2,EA,1,100,0.031798
1671015078.239552,90585.000,13154,2,EA,1,100,0.031804
1671015078.305622,90649.000,13171,1,EA,1,100,0.031815
1671015078.372207,90713.500,13186,2,EA,1,100,0.031824
1671015078.438793,90778.000,13186,2,EA,1,100,0.031831
1671015078.504863,90842.000,13204,2,EA,1,100,0.031834
1671015078.570932,90906.000,13204,2,EA,1,100,0.031844
1671015078.639066,90972.000,13223,1,EA,1,100,0.031850
1671015078.704620,91035.500,13246,4,EA,1,100,0.031866
1671015078.770173,91099.000,13246,4,EA,1,100,0.031877
1671015078.835727,91162.500,13246,4,EA,1,100,0.031890
1671015078.901280,91226.000,13246,4,EA,1,100,0.031898
1671015078.968382,91291.000,13265,1,EA,1,100,0.031898
1671015079.036000,91356.500,13284,2,EA,1,100,0.031905
1671015079.103618,91422.000,13284,2,EA,1,100,0.031926
1671015079.170720,91487.000,13301,1,EA,1,100,0.031934
1671015079.236790,91551.000,13323,2,EA,1,100,0.031929
1671015079.302859,91615.000,13323,2,EA,1,100,0.031934
1671015079.369961,91680.000,13339,2,EA,1,100,0.031940
1671015079.437063,91745.000,13339,2,EA,1,100,0.031940
1671015079.501068,91807.000,13356,1,EA,1,100,0.031937
1671015079.568686,91872.500,13374,2,EA,1,100,0.031948
1671015079.636304,91938.000,13374,2,EA,1,100,0.031956
1671015079.704438,92004.000,13391,1,EA,1,100,0.031962
1671015079.771024,92068.500,13407,2,EA,1,100,0.031973
1671015079.837610,92133.000,13407,2,EA,1,100,0.031984
1671015079.904712,92198.000,13427,2,EA,1,100,0.031982
1671015079.971814,92263.000,13427,2,EA,1,100,0.031988
1671015080.037883,92327.000,13445,1,EA,1,100,0.031991
1671015080.103437,92390.500,13463,2,EA,1,100,0.031998
1671015080.168990,92454.000,13463,2,EA,1,100,0.032000
1671015080.235060,92518.000,13479,1,EA,1,100,0.032012
1671015080.301645,92582.500,13497,2,EA,1,100,0.032020
1671015080.368231,92647.000,13497,2,EA,1,100,0.032026
1671015080.436365,92713.000,13513,1,EA,1,100,0.032035
1671015080.503983,92778.500,13529,2,EA,1,100,0.032055
1671015080.571601,92844.000,13529,2,EA,1,100,0.032067
1671015080.638187,92908.500,13546,2,EA,1,100,0.032077
1671015080.704773,92973.000,13546,2,EA,1,100,0.032078
1671015080.771875,93038.000,13565,1,EA,1,100,0.032087
1671015080.837945,93102.000,13583,2,EA,1,100,0.032087
1671015080.904014,93166.000,13583,2,EA,1,100,0.032095
1671015080.969051,93229.000,13601,1,EA,1,100,0.032105
1671015081.035637,93293.500,13619,2,EA,1,100,0.032114
1671015081.102223,93358.000,13619,2,EA,1,100,0.032117
1671015081.168292,93422.000,13637,1,EA,1,100,0.032124
1671015081.236427,93488.000,13656,2,EA,1,100,0.032132
1671015081.304561,93554.000,13656,2,EA,1,100,0.032148
1671015081.371663,93619.000,13673,1,EA,1,100,0.032159
1671015081.438248,93683.500,13690,2,EA,1,100,0.032161
1671015081.504834,93748.000,13690,2,EA,1,100,0.032162
1671015081.570388,93811.500,13707,2,EA,1,100,0.032163
1671015081.635941,93875.000,13707,2,EA,1,100,0.032163
1671015081.703043,93940.000,13726,1,EA,1,100,0.032166
1671015081.769629,94004.500,13743,2,EA,1,100,0.032184
1671015081.836214,94069.000,13743,2,EA,1,100,0.032197
1671015081.903316,94134.000,13759,1,EA,1,100,0.032199
1671015081.970418,94199.000,13779,2,EA,1,100,0.032208
1671015082.037520,94264.000,13779,2,EA,1,100,0.032210
1671015082.104622,94329.000,13795,1,EA,1,100,0.032208
1671015082.172240,94394.500,13815,2,EA,1,100,0.032216
1671015082.239858,94460.000,13815,2,EA,1,100,0.032225
1671015082.306444,94524.500,13834,2,EA,1,100,0.032235
1671015082.373030,94589.000,13834,2,EA,1,100,0.032235
1671015082.438067,94652.000,13851,1,EA,1,100,0.032242
1671015082.504653,94716.500,13867,2,EA,1,100,0.032254
1671015082.571238,94781.000,13867,2,EA,1,100,0.032257
1671015082.637308,94845.000,13888,1,EA,1,100,0.032263
1671015082.705958,94911.500,13904,2,EA,1,100,0.032264
1671015082.774609,94978.000,13904,2,EA,1,100,0.032271
1671015082.840678,95042.000,13921,1,EA,1,100,0.032283
1671015082.907264,95106.500,13938,2,EA,1,100,0.032285
1671015082.973850,95171.000,13938,2,EA,1,100,0.032288
1671015083.038371,95233.500,13957,2,EA,1,100,0.032290
1671015083.102892,95296.000,13957,2,EA,1,100,0.032294
1671015083.171026,95362.000,13973,1,EA,1,100,0.032298
1671015083.237612,95426.500,13994,2,EA,1,100,0.032315
1671015083.304198,95491.000,13994,2,EA,1,100,0.032322
1671015083.370267,95555.000,14012,1,EA,1,100,0.032320
1671015083.436853,95619.500,14027,2,EA,1,100,0.032328
1671015083.503439,95684.000,14027,2,EA,1,100,0.032338
1671015083.569508,95748.000,14043,1,EA,1,100,0.032352
1671015083.635578,95812.000,14064,2,EA,1,100,0.032362
1671015083.701647,95876.000,14064,2,EA,1,100,0.032368
1671015083.768233,95940.500,14080,2,EA,1,100,0.032372
1671015083.834819,96005.000,14080,2,EA,1,100,0.032379
1671015083.900372,96068.500,14098,2,EA,1,100,0.032393
1671015083.965926,96132.000,14098,2,EA,1,100,0.032399
1671015084.030963,96195.000,14121,1,EA,1,100,0.032406
1671015084.097549,96259.500,14141,2,EA,1,100,0.032417
1671015084.164134,96324.000,14141,2,EA,1,100,0.032419
1671015084.233301,96391.000,14157,1,EA,1,100,0.032423
1671015084.300403,96456.000,14175,2,EA,1,100,0.032424
1671015084.367505,96521.000,14175,2,EA,1,100,0.032427
1671015084.433574,96585.000,14191,2,EA,1,100,0.032432
1671015084.499644,96649.000,14191,2,EA,1,100,0.032434
1671015084.565713,96713.000,14207,1,EA,1,100,0.032439
1671015084.632299,96777.500,14226,2,EA,1,100,0.032445
1671015084.698885,96842.000,14226,2,EA,1,100,0.032453
1671015084.764955,96906.000,14243,1,EA,1,100,0.032462
1671015084.831540,96970.500,14259,2,EA,1,100,0.032481
1671015084.898126,97035.000,14259,2,EA,1,100,0.032496
1671015084.964195,97099.000,14277,1,EA,1,100,0.032508
1671015085.030781,97163.500,14295,2,EA,1,100,0.032514
1671015085.097367,97228.000,14295,2,EA,1,100,0.032513
1671015085.163437,97292.000,14312,2,EA,1,100,0.032520
1671015085.229506,97356.000,14312,2,EA,1,100,0.032520
1671015085.296608,97421.000,14329,1,EA,1,100,0.032524
1671015085.362678,97485.000,14346,2,EA,1,100,0.032516
1671015085.428747,97549.000,14346,2,EA,1,100,0.032529
1671015085.494817,97613.000,14365,1,EA,1,100,0.032544
1671015085.561403,97677.500,14383,2,EA,1,100,0.032545
1671015085.627988,97742.000,14383,2,EA,1,100,0.032555
1671015085.694574,97806.500,14400,2,EA,1,100,0.032569
1671015085.761160,97871.000,14400,2,EA,1,100,0.032574
1671015085.827229,97935.000,14419,1,EA,1,100,0.032585
1671015085.893815,97999.500,14438,2,EA,1,100,0.032579
1671015085.960401,98064.000,14438,2,EA,1,100,0.032587
1671015086.025438,98127.000,14457,1,EA,1,100,0.032601
1671015086.092024,98191.500,14473,2,EA,1,100,0.032605
1671015086.158610,98256.000,14473,2,EA,1,100,0.032611
1671015086.224679,98320.000,14494,2,EA,1,100,0.032618
1671015086.290749,98384.000,14494,2,EA,1,100,0.032623
1671015086.358883,98450.000,14510,1,EA,1,100,0.032628
1671015086.424436,98513.500,14527,2,EA,1,100,0.032625
1671015086.489990,98577.000,14527,2,EA,1,100,0.032632
1671015086.556059,98641.000,14543,1,EA,1,100,0.032648
1671015086.623161,98706.000,14563,2,EA,1,100,0.032664
1671015086.690263,98771.000,14563,2,EA,1,100,0.032679
1671015086.757365,98836.000,14578,2,EA,1,100,0.032691
1671015086.824467,98901.000,14578,2,EA,1,100,0.032693
1671015086.891569,98966.000,14597,1,EA,1,100,0.032695
1671015086.957639,99030.000,14616,2,EA,1,100,0.032691
1671015087.023708,99094.000,14616,2,EA,1,100,0.032694
1671015087.090810,99159.000,14633,1,EA,1,100,0.032704
1671015087.156879,99223.000,14648,2,EA,1,100,0.032712
1671015087.222949,99287.000,14648,2,EA,1,100,0.032724
1671015087.291083,99353.000,14668,1,EA,1,100,0.032740
1671015087.356637,99416.500,14684,2,EA,1,100,0.032744
1671015087.422190,99480.000,14684,2,EA,1,100,0.032751
1671015087.488260,99544.000,14701,2,EA,1,100,0.032758
1671015087.554329,99608.000,14701,2,EA,1,100,0.032765
1671015087.619366,99671.000,14718,1,EA,1,100,0.032775
1671015087.686468,99736.000,14736,2,EA,1,100,0.032786
1671015087.753570,99801.000,14736,2,EA,1,100,0.032793
1671015087.820672,99866.000,14752,1,EA,1,100,0.032800
1671015087.886742,99930.000,14772,2,EA,1,100,0.032796
1671015087.952811,99994.000,14772,2,EA,1,100,0.032795
1671015088.018881,100058.000,14790,1,EA,1,100,0.032794
1671015088.085983,100123.000,14809,2,EA,1,100,0.032798
1671015088.153085,100188.000,14809,2,EA,1,100,0.032801
1671015088.220186,100253.000,14825,2,EA,1,100,0.032808
1671015088.287288,100318.000,14825,2,EA,1,100,0.032815
1671015088.354390,100383.000,14842,1,EA,1,100,0.032826
1671015088.420976,100447.500,14858,2,EA,1,100,0.032834
1671015088.487562,100512.000,14858,2,EA,1,100,0.032845
1671015088.552599,100575.000,14875,1,EA,1,100,0.032856
1671015088.618153,100638.500,14895,2,EA,1,100,0.032859
1671015088.683706,100702.000,14895,2,EA,1,100,0.032861
1671015088.750808,100767.000,14912,2,EA,1,100,0.032870
1671015088.817910,100832.000,14912,2,EA,1,100,0.032878
1671015088.883979,100896.000,14928,1,EA,1,100,0.032889
1671015088.951597,100961.500,14950,2,EA,1,100,0.032902
1671015089.019215,101027.000,14950,2,EA,1,100,0.032902
1671015089.086317,101092.000,14966,1,EA,1,100,0.032901
1671015089.152903,101156.500,14984,2,EA,1,100,0.032910
1671015089.219489,101221.000,14984,2,EA,1,100,0.032911
1671015089.286075,101285.500,15006,2,EA,1,100,0.032919
1671015089.352660,101350.000,15006,2,EA,1,100,0.032918
1671015089.419762,101415.000,15023,1,EA,1,100,0.032925
1671015089.485832,101479.000,15039,2,EA,1,100,0.032931
1671015089.551901,101543.000,15039,2,EA,1,100,0.032941
1671015089.619519,101608.500,15060,2,EA,1,100,0.032946
1671015089.687138,101674.000,15060,2,EA,1,100,0.032960
1671015089.752175,101737.000,15076,1,EA,1,100,0.032968
1671015089.818760,101801.500,15093,2,EA,1,100,0.032970
1671015089.885346,101866.000,15093,2,EA,1,100,0.032972
1671015089.952448,101931.000,15110,1,EA,1,100,0.032971
1671015090.019034,101995.500,15129,2,EA,1,100,0.032973
1671015090.085620,102060.000,15129,2,EA,1,100,0.032986
1671015090.150657,102123.000,15147,2,EA,1,100,0.032989
1671015090.215694,102186.000,15147,2,EA,1,100,0.033006
1671015090.282796,102251.000,15168,1,EA,1,100,0.033015
1671015090.349382,102315.500,15184,2,EA,1,100,0.033022
1671015090.415967,102380.000,15184,2,EA,1,100,0.033024
1671015090.485134,102447.000,15201,1,EA,1,100,0.033023
1671015090.551720,102511.500,15218,2,EA,1,100,0.033035
1671015090.618305,102576.000,15218,2,EA,1,100,0.033041
1671015090.684375,102640.000,15240,1,EA,1,100,0.033047
1671015090.749928,102703.500,15254,2,EA,1,100,0.033062
1671015090.815482,102767.000,15254,2,EA,1,100,0.033075
1671015090.882068,102831.500,15274,2,EA,1,100,0.033087
1671015090.948653,102896.000,15274,2,EA,1,100,0.033086
1671015091.016788,102962.000,15292,1,EA,1,100,0.033087
1671015091.082857,103026.000,15309,2,EA,1,100,0.033107
1671015091.148927,103090.000,15309,2,EA,1,100,0.033110
1671015091.217061,103156.000,15330,1,EA,1,100,0.033116
1671015091.284679,103221.500,15346,2,EA,1,100,0.033117
1671015091.352297,103287.000,15346,2,EA,1,100,0.033119
1671015091.419399,103352.000,15362,1,EA,1,100,0.033124
1671015091.485469,103416.000,15379,2,EA,1,100,0.033137
1671015091.551538,103480.000,15379,2,EA,1,100,0.033147
1671015091.616575,103543.000,15396,1,EA,1,100,0.033152
1671015091.682645,103607.000,15415,2,EA,1,100,0.033153
1671015091.748714,103671.000,15415,2,EA,1,100,0.033153
1671015091.816333,103736.500,15432,2,EA,1,100,0.033152
1671015091.883951,103802.000,15432,2,EA,1,100,0.033160
1671015091.953117,103869.000,15450,1,EA,1,100,0.033169
1671015092.019187,103933.000,15468,2,EA,1,100,0.033169
1671015092.085256,103997.000,15468,2,EA,1,100,0.033171
1671015092.152014,104061.667,15489,3,EA,1,100,0.033170
1671015092.218772,104126.333,15489,3,EA,1,100,0.033171
1671015092.285530,104191.000,15489,3,EA,1,100,0.033181
1671015092.352632,104256.000,15505,1,EA,1,100,0.033194
1671015092.418185,104319.500,15522,2,EA,1,100,0.033220
1671015092.483738,104383.000,15522,2,EA,1,100,0.033233
1671015092.550840,104448.000,15538,1,EA,1,100,0.033240
1671015092.617942,104513.000,15559,2,EA,1,100,0.033236
1671015092.685044,104578.000,15559,2,EA,1,100,0.033236
1671015092.754211,104645.000,15575,1,EA,1,100,0.033244
1671015092.820796,104709.500,15592,2,EA,1,100,0.033248
1671015092.887382,104774.000,15592,2,EA,1,100,0.033254
1671015092.953452,104838.000,15609,1,EA,1,100,0.033269
1671015093.017973,104900.500,15627,2,EA,1,100,0.033271
1671015093.082494,104963.000,15627,2,EA,1,100,0.033272
1671015093.149080,105027.500,15642,2,EA,1,100,0.033272
1671015093.215666,105092.000,15642,2,EA,1,100,0.033276
1671015093.283800,105158.000,15663,1,EA,1,100,0.033283
1671015093.349869,105222.000,15679,2,EA,1,100,0.033295
1671015093.415939,105286.000,15679,2,EA,1,100,0.033301
1671015093.483041,105351.000,15696,1,EA,1,100,0.033313
1671015093.549110,105415.000,15713,2,EA,1,100,0.033310
1671015093.615180,105479.000,15713,2,EA,1,100,0.033320
1671015093.682282,105544.000,15730,1,EA,1,100,0.033338
1671015093.748868,105608.500,15749,2,EA,1,100,0.033344
1671015093.815453,105673.000,15749,2,EA,1,100,0.033348
1671015093.881007,105736.500,15769,2,EA,1,100,0.033353
1671015093.946560,105800.000,15769,2,EA,1,100,0.033361
1671015094.011597,105863.000,15787,1,EA,1,100,0.033372
1671015094.078699,105928.000,15804,2,EA,1,100,0.033378
1671015094.145801,105993.000,15804,2,EA,1,100,0.033381
1671015094.214968,106060.000,15823,1,EA,1,100,0.033385
1671015094.282070,106125.000,15841,2,EA,1,100,0.033391
1671015094.349172,106190.000,15841,2,EA,1,100,0.033400
1671015094.416273,106255.000,15857,1,EA,1,100,0.033398
1671015094.481827,106318.500,15873,2,EA,1,100,0.033403
1671015094.547380,106382.000,15873,2,EA,1,100,0.033418
1671015094.613966,106446.500,15897,2,EA,1,100,0.033437
1671015094.680552,106511.000,15897,2,EA,1,100,0.033442
1671015094.746621,106575.000,15914,1,EA,1,100,0.033455
1671015094.813207,106639.500,15932,2,EA,1,100,0.033456
1671015094.879793,106704.000,15932,2,EA,1,100,0.033472
1671015094.946895,106769.000,15952,2,EA,1,100,0.033471
1671015095.013997,106834.000,15952,2,EA,1,100,0.033463
1671015095.079034,106897.000,15968,1,EA,1,100,0.033470
1671015095.145103,106961.000,15986,2,EA,1,100,0.033484
1671015095.211173,107025.000,15986,2,EA,1,100,0.033488
1671015095.278275,107090.000,16003,1,EA,1,100,0.033496
1671015095.343312,107153.000,16020,2,EA,1,100,0.033502
1671015095.408349,107216.000,16020,2,EA,1,100,0.033509
1671015095.474419,107280.000,16036,1,EA,1,100,0.033511
1671015095.541005,107344.500,16054,2,EA,1,100,0.033517
1671015095.607590,107409.000,16054,2,EA,1,100,0.033519
1671015095.674176,107473.500,16071,2,EA,1,100,0.033518
1671015095.740762,107538.000,16071,2,EA,1,100,0.033526
1671015095.806831,107602.000,16088,1,EA,1,100,0.033534
1671015095.873417,107666.500,16105,2,EA,1,100,0.033536
1671015095.940003,107731.000,16105,2,EA,1,100,0.033546
1671015096.005040,107794.000,16124,1,EA,1,100,0.033558
1671015096.071626,107858.500,16142,2,EA,1,100,0.033564
1671015096.138212,107923.000,16142,2,EA,1,100,0.033570
1671015096.204281,107987.000,16159,2,EA,1,100,0.033582
1671015096.270351,108051.000,16159,2,EA,1,100,0.033584
1671015096.338485,108117.000,16177,1,EA,1,100,0.033589
1671015096.404038,108180.500,16194,2,EA,1,100,0.033588
1671015096.469592,108244.000,16194,2,EA,1,100,0.033597
1671015096.535661,108308.000,16210,1,EA,1,100,0.033612
1671015096.602247,108372.500,16229,2,EA,1,100,0.033622
1671015096.668833,108437.000,16229,2,EA,1,100,0.033627
1671015096.736967,108503.000,16245,1,EA,1,100,0.033638
1671015096.803553,108567.500,16264,2,EA,1,100,0.033632
1671015096.870139,108632.000,16264,2,EA,1,100,0.033637
1671015096.936208,108696.000,16285,2,EA,1,100,0.033661
1671015097.002278,108760.000,16285,2,EA,1,100,0.033659
1671015097.069380,108825.000,16302,1,EA,1,100,0.033656
1671015097.135449,108889.000,16319,2,EA,1,100,0.033658
1671015097.201519,108953.000,16319,2,EA,1,100,0.033662
1671015097.269653,109019.000,16337,1,EA,1,100,0.033676
1671015097.335207,109082.500,16355,2,EA,1,100,0.033674
1671015097.400760,109146.000,16355,2,EA,1,100,0.033680
1671015097.465797,109209.000,16372,1,EA,1,100,0.033695
1671015097.531867,109273.000,16390,2,EA,1,100,0.033692
1671015097.597936,109337.000,16390,2,EA,1,100,0.033694
1671015097.665038,109402.000,16406,2,EA,1,100,0.033703
1671015097.732140,109467.000,16406,2,EA,1,100,0.033705
1671015097.799242,109532.000,16422,1,EA,1,100,0.033719
1671015097.865311,109596.000,16445,2,EA,1,100,0.033720
1671015097.931381,109660.000,16445,2,EA,1,100,0.033727
1671015097.997451,109724.000,16463,1,EA,1,100,0.033736
1671015098.064553,109789.000,16480,2,EA,1,100,0.033736
1671015098.131655,109854.000,16480,2,EA,1,100,0.033730
1671015098.199789,109920.000,16496,1,EA,1,100,0.033738
1671015098.266374,109984.500,16515,2,EA,1,100,0.033745
1671015098.332960,110049.000,16515,2,EA,1,100,0.033750
1671015098.399546,110113.500,16533,2,EA,1,100,0.033756
1671015098.466132,110178.000,16533,2,EA,1,100,0.033756
1671015098.531169,110241.000,16550,1,EA,1,100,0.033759
1671015098.597239,110305.000,16565,2,EA,1,100,0.033771
1671015098.663308,110369.000,16565,2,EA,1,100,0.033780
1671015098.730410,110434.000,16585,1,EA,1,100,0.033794
1671015098.796479,110498.000,16601,2,EA,1,100,0.033807
1671015098.862549,110562.000,16601,2,EA,1,100,0.033808
1671015098.929651,110627.000,16619,1,EA,1,100,0.033816
1671015098.997269,110692.500,16636,2,EA,1,100,0.033820
1671015099.064887,110758.000,16636,2,EA,1,100,0.033827
1671015099.131473,110822.500,16657,2,EA,1,100,0.033833
1671015099.198059,110887.000,16657,2,EA,1,100,0.033835
1671015099.264128,110951.000,16674,1,EA,1,100,0.033841
1671015099.331230,111016.000,16691,2,EA,1,100,0.033846
1671015099.398332,111081.000,16691,2,EA,1,100,0.033849
1671015099.462337,111143.000,16707,1,EA,1,100,0.033858
1671015099.529955,111208.500,16724,2,EA,1,100,0.033870
1671015099.597573,111274.000,16724,2,EA,1,100,0.033880
1671015099.664159,111338.500,16744,2,EA,1,100,0.033874
1671015099.730745,111403.000,16744,2,EA,1,100,0.033881
1671015099.797846,111468.000,16761,1,EA,1,100,0.033896
1671015099.864260,111532.333,16786,3,EA,1,100,0.033896
1671015099.930674,111596.667,16786,3,EA,1,100,0.033898
1671015099.997087,111661.000,16786,3,EA,1,100,0.033904
1671015100.062641,111724.500,16804,2,EA,1,100,0.033915
1671015100.128194,111788.000,16804,2,EA,1,100,0.033920
1671015100.194264,111852.000,16824,1,EA,1,100,0.033934
1671015100.260333,111916.000,16843,2,EA,1,100,0.033931
1671015100.326403,111980.000,16843,2,EA,1,100,0.033939
1671015100.393505,112045.000,16860,1,EA,1,100,0.033946
1671015100.461123,112110.500,16876,2,EA,1,100,0.033952
1671015100.528741,112176.000,16876,2,EA,1,100,0.033956
1671015100.595843,112241.000,16894,1,EA,1,100,0.033959
1671015100.662429,112305.500,16913,2,EA,1,100,0.033975
1671015100.729014,112370.000,16913,2,EA,1,100,0.033985
1671015100.795084,112434.000,16932,2,EA,1,100,0.033981
1671015100.861154,112498.000,16932,2,EA,1,100,0.033999
1671015100.926191,112561.000,16949,1,EA,1,100,0.034010
1671015100.994325,112627.000,16968,2,EA,1,100,0.034014
1671015101.062459,112693.000,16968,2,EA,1,100,0.034007
1671015101.129561,112758.000,16987,1,EA,1,100,0.034000
1671015101.197695,112824.000,17005,2,EA,1,100,0.034003
1671015101.265830,112890.000,17005,2,EA,1,100,0.034018
1671015101.332932,112955.000,17021,1,EA,1,100,0.034022
1671015101.399517,113019.500,17036,2,EA,1,100,0.034026
1671015101.466103,113084.000,17036,2,EA,1,100,0.034032
1671015101.531657,113147.500,17053,2,EA,1,100,0.034046
1671015101.597210,113211.000,17053,2,EA,1,100,0.034047
1671015101.664312,113276.000,17072,1,EA,1,100,0.034052
1671015101.730897,113340.500,17089,2,EA,1,100,0.034061
1671015101.797483,113405.000,17089,2,EA,1,100,0.034071
1671015101.864585,113470.000,17106,1,EA,1,100,0.034082
1671015101.931687,113535.000,17127,2,EA,1,100,0.034080
1671015101.998789,113600.000,17127,2,EA,1,100,0.034079
1671015102.065891,113665.000,17144,1,EA,1,100,0.034082
1671015102.132477,113729.500,17163,2,EA,1,100,0.034090
1671015102.199062,113794.000,17163,2,EA,1,100,0.034098
1671015102.265648,113858.500,17181,2,EA,1,100,0.034107
1671015102.332234,113923.000,17181,2,EA,1,100,0.034113
1671015102.397271,113986.000,17199,1,EA,1,100,0.034115
1671015102.463857,114050.500,17214,2,EA,1,100,0.034121
1671015102.530442,114115.000,17214,2,EA,1,100,0.034127
1671015102.596512,114179.000,17231,1,EA,1,100,0.034135
1671015102.665163,114245.500,17251,2,EA,1,100,0.034152
1671015102.733813,114312.000,17251,2,EA,1,100,0.034154
1671015102.799882,114376.000,17269,1,EA,1,100,0.034153
1671015102.866468,114440.500,17285,2,EA,1,100,0.034153
1671015102.933054,114505.000,17285,2,EA,1,100,0.034160
1671015102.997575,114567.500,17303,2,EA,1,100,0.034176
1671015103.062096,114630.000,17303,2,EA,1,100,0.034167
1671015103.130230,114696.000,17320,1,EA,1,100,0.034173
1671015103.196816,114760.500,17338,2,EA,1,100,0.034177
1671015103.263402,114825.000,17338,2,EA,1,100,0.034181
1671015103.331536,114891.000,17357,1,EA,1,100,0.034184
1671015103.398638,114956.000,17371,2,EA,1,100,0.034195
1671015103.465740,115021.000,17371,2,EA,1,100,0.034213
1671015103.531810,115085.000,17388,1,EA,1,100,0.034234
1671015103.599427,115150.500,17407,2,EA,1,100,0.034233
1671015103.667046,115216.000,17407,2,EA,1,100,0.034234
1671015103.733631,115280.500,17427,2,EA,1,100,0.034231
1671015103.800217,115345.000,17427,2,EA,1,100,0.034243
1671015103.865254,115408.000,17443,1,EA,1,100,0.034245
1671015103.930808,115471.500,17461,2,EA,1,100,0.034250
1671015103.996361,115535.000,17461,2,EA,1,100,0.034251
1671015104.064495,115601.000,17477,1,EA,1,100,0.034253
1671015104.131597,115666.000,17497,2,EA,1,100,0.034264
1671015104.198699,115731.000,17497,2,EA,1,100,0.034274
1671015104.265801,115796.000,17516,2,EA,1,100,0.034272
1671015104.332903,115861.000,17516,2,EA,1,100,0.034270
1671015104.398973,115925.000,17533,1,EA,1,100,0.034273
1671015104.464526,115988.500,17547,2,EA,1,100,0.034294
1671015104.530079,116052.000,17547,2,EA,1,100,0.034304
1671015104.597181,116117.000,17565,1,EA,1,100,0.034314
1671015104.663251,116181.000,17586,2,EA,1,100,0.034310
1671015104.729321,116245.000,17586,2,EA,1,100,0.034319
1671015104.795906,116309.500,17603,2,EA,1,100,0.034335
1671015104.862492,116374.000,17603,2,EA,1,100,0.034340
1671015104.928561,116438.000,17622,1,EA,1,100,0.034338
1671015104.995147,116502.500,17639,2,EA,1,100,0.034346
1671015105.061733,116567.000,17639,2,EA,1,100,0.034355
1671015105.127803,116631.000,17663,2,EA,1,100,0.034365
1671015105.193872,116695.000,17663,2,EA,1,100,0.034378
1671015105.258909,116758.000,17683,2,EA,1,100,0.034387
1671015105.323946,116821.000,17683,2,EA,1,100,0.034389
1671015105.391048,116886.000,17699,1,EA,1,100,0.034388
1671015105.457634,116950.500,17716,2,EA,1,100,0.034396
1671015105.524220,117015.000,17716,2,EA,1,100,0.034397
1671015105.592354,117081.000,17733,1,EA,1,100,0.034399
1671015105.658940,117145.500,17750,2,EA,1,100,0.034406
1671015105.725526,117210.000,17750,2,EA,1,100,0.034411
1671015105.791595,117274.000,17767,2,EA,1,100,0.034415
1671015105.857665,117338.000,17767,2,EA,1,100,0.034428
1671015105.923734,117402.000,17787,2,EA,1,100,0.034441
1671015105.989804,117466.000,17787,2,EA,1,100,0.034442
1671015106.056906,117531.000,17805,1,EA,1,100,0.034441
1671015106.123492,117595.500,17822,2,EA,1,100,0.034446
1671015106.190077,117660.000,17822,2,EA,1,100,0.034455
1671015106.255115,117723.000,17842,1,EA,1,100,0.034467
1671015106.321184,117787.000,17857,2,EA,1,100,0.034465
1671015106.387254,117851.000,17857,2,EA,1,100,0.034464
1671015106.454356,117916.000,17873,1,EA,1,100,0.034474
1671015106.520425,117980.000,17891,2,EA,1,100,0.034467
1671015106.586495,118044.000,17891,2,EA,1,100,0.034472
1671015106.653080,118108.500,17910,2,EA,1,100,0.034483
1671015106.719666,118173.000,17910,2,EA,1,100,0.034482
1671015106.785736,118237.000,17926,1,EA,1,100,0.034490
1671015106.852322,118301.500,17942,2,EA,1,100,0.034508
1671015106.918907,118366.000,17942,2,EA,1,100,0.034517
1671015106.984977,118430.000,17961,1,EA,1,100,0.034528
1671015107.052079,118495.000,17977,2,EA,1,100,0.034549
1671015107.119181,118560.000,17977,2,EA,1,100,0.034550
1671015107.184218,118623.000,17994,1,EA,1,100,0.034553
1671015107.250804,118687.500,18012,2,EA,1,100,0.034548
1671015107.317389,118752.000,18012,2,EA,1,100,0.034545
1671015107.382943,118815.500,18031,2,EA,1,100,0.034546
1671015107.448496,118879.000,18031,2,EA,1,100,0.034550
1671015107.515598,118944.000,18047,1,EA,1,100,0.034558
1671015107.582184,119008.500,18065,2,EA,1,100,0.034572
1671015107.648770,119073.000,18065,2,EA,1,100,0.034579
1671015107.714839,119137.000,18084,1,EA,1,100,0.034582
1671015107.781425,119201.500,18101,2,EA,1,100,0.034585
1671015107.848011,119266.000,18101,2,EA,1,100,0.034587
1671015107.914080,119330.000,18118,1,EA,1,100,0.034590
1671015107.980150,119394.000,18137,2,EA,1,100,0.034599
1671015108.046219,119458.000,18137,2,EA,1,100,0.034605
1671015108.114354,119524.000,18155,2,EA,1,100,0.034610
1671015108.182488,119590.000,18155,2,EA,1,100,0.034617
1671015108.248557,119654.000,18176,1,EA,1,100,0.034624
1671015108.315143,119718.500,18190,2,EA,1,100,0.034628
1671015108.381729,119783.000,18190,2,EA,1,100,0.034636
1671015108.448831,119848.000,18207,1,EA,1,100,0.034647
1671015108.515416,119912.500,18226,2,EA,1,100,0.034653
1671015108.582002,119977.000,18226,2,EA,1,100,0.034651
1671015108.646007,120039.000,18246,1,EA,1,100,0.034651
1671015108.713109,120104.000,18261,2,EA,1,100,0.034653
1671015108.780211,120169.000,18261,2,EA,1,100,0.034661
1671015108.845764,120232.500,18280,2,EA,1,100,0.034680
1671015108.911318,120296.000,18280,2,EA,1,100,0.034673
1671015108.978420,120361.000,18298,1,EA,1,100,0.034678
1671015109.045521,120426.000,18315,2,EA,1,100,0.034689
1671015109.112623,120491.000,18315,2,EA,1,100,0.034698
1671015109.178693,120555.000,18335,2,EA,1,100,0.034711
1671015109.244763,120619.000,18335,2,EA,1,100,0.034711
1671015109.311865,120684.000,18352,1,EA,1,100,0.034719
1671015109.377418,120747.500,18368,2,EA,1,100,0.034731
1671015109.442971,120811.000,18368,2,EA,1,100,0.034729
1671015109.511106,120877.000,18385,1,EA,1,100,0.034730
1671015109.578724,120942.500,18402,2,EA,1,100,0.034757
1671015109.646342,121008.000,18402,2,EA,1,100,0.034763
1671015109.711379,121071.000,18422,1,EA,1,100,0.034759
1671015109.777448,121135.000,18438,2,EA,1,100,0.034766
1671015109.843518,121199.000,18438,2,EA,1,100,0.034771
1671015109.910620,121264.000,18458,2,EA,1,100,0.034761
1671015109.977722,121329.000,18458,2,EA,1,100,0.034765
1671015110.043792,121393.000,18474,1,EA,1,100,0.034780
1671015110.109345,121456.500,18491,2,EA,1,100,0.034781
1671015110.174898,121520.000,18491,2,EA,1,100,0.034794
1671015110.242000,121585.000,18511,1,EA,1,100,0.034800
1671015110.308070,121649.000,18528,2,EA,1,100,0.034801
1671015110.374139,121713.000,18528,2,EA,1,100,0.034797
1671015110.443306,121780.000,18549,1,EA,1,100,0.034800
1671015110.509892,121844.500,18567,2,EA,1,100,0.034811
1671015110.576477,121909.000,18567,2,EA,1,100,0.034821
1671015110.642547,121973.000,18585,1,EA,1,100,0.034823
1671015110.708100,122036.500,18602,2,EA,1,100,0.034836
1671015110.773654,122100.000,18602,2,EA,1,100,0.034845
1671015110.840240,122164.500,18620,2,EA,1,100,0.034856
1671015110.906825,122229.000,18620,2,EA,1,100,0.034857
1671015110.974959,122295.000,18641,1,EA,1,100,0.034858
1671015111.042578,122360.500,18657,2,EA,1,100,0.034868
1671015111.110196,122426.000,18657,2,EA,1,100,0.034877
1671015111.176265,122490.000,18677,1,EA,1,100,0.034887
1671015111.243883,122555.500,18692,2,EA,1,100,0.034903
1671015111.311501,122621.000,18692,2,EA,1,100,0.034906
1671015111.378603,122686.000,18709,1,EA,1,100,0.034914
1671015111.444673,122750.000,18727,2,EA,1,100,0.034908
1671015111.510742,122814.000,18727,2,EA,1,100,0.034910
1671015111.576812,122878.000,18745,2,EA,1,100,0.034910
1671015111.642882,122942.000,18745,2,EA,1,100,0.034915
1671015111.707919,123005.000,18764,1,EA,1,100,0.034927
1671015111.775537,123070.500,18781,2,EA,1,100,0.034924
1671015111.843155,123136.000,18781,2,EA,1,100,0.034924
1671015111.912322,123203.000,18798,1,EA,1,100,0.034933
1671015111.978391,123267.000,18817,2,EA,1,100,0.034942
1671015112.044461,123331.000,18817,2,EA,1,100,0.034952
1671015112.110530,123395.000,18833,1,EA,1,100,0.034954
1671015112.177116,123459.500,18854,2,EA,1,100,0.034953
1671015112.243702,123524.000,18854,2,EA,1,100,0.034953
1671015112.309771,123588.000,18870,2,EA,1,100,0.034947
1671015112.375841,123652.000,18870,2,EA,1,100,0.034951
1671015112.441911,123716.000,18887,1,EA,1,100,0.034957
1671015112.508496,123780.500,18904,2,EA,1,100,0.034975
1671015112.575082,123845.000,18904,2,EA,1,100,0.034984
1671015112.643216,123911.000,18926,1,EA,1,100,0.034981
1671015112.710834,123976.500,18940,2,EA,1,100,0.034981
1671015112.778452,124042.000,18940,2,EA,1,100,0.034992
1671015112.845554,124107.000,18957,1,EA,1,100,0.035011
1671015112.911624,124171.000,18976,2,EA,1,100,0.035019
1671015112.977693,124235.000,18976,2,EA,1,100,0.035026
1671015113.043247,124298.500,18993,2,EA,1,100,0.035039
1671015113.108800,124362.000,18993,2,EA,1,100,0.035040
1671015113.175386,124426.500,19014,2,EA,1,100,0.035036
1671015113.241971,124491.000,19014,2,EA,1,100,0.035036
1671015113.310106,124557.000,19031,1,EA,1,100,0.035047
1671015113.377208,124622.000,19045,2,EA,1,100,0.035050
1671015113.444310,124687.000,19045,2,EA,1,100,0.035049
1671015113.512444,124753.000,19062,1,EA,1,100,0.035059
1671015113.580062,124818.500,19079,2,EA,1,100,0.035070
1671015113.647680,124884.000,19079,2,EA,1,100,0.035078
1671015113.713750,124948.000,19099,1,EA,1,100,0.035081
1671015113.779819,125012.000,19116,2,EA,1,100,0.035080
1671015113.845889,125076.000,19116,2,EA,1,100,0.035082
1671015113.911442,125139.500,19135,2,EA,1,100,0.035088
1671015113.976995,125203.000,19135,2,EA,1,100,0.035102
1671015114.045130,125269.000,19151,1,EA,1,100,0.035119
1671015114.112232,125334.000,19168,2,EA,1,100,0.035130
1671015114.179334,125399.000,19168,2,EA,1,100,0.035135
1671015114.246436,125464.000,19188,1,EA,1,100,0.035148
1671015114.313021,125528.500,19205,2,EA,1,100,0.035151
1671015114.379607,125593.000,19205,2,EA,1,100,0.035153
1671015114.445677,125657.000,19221,1,EA,1,100,0.035158
1671015114.511746,125721.000,19239,2,EA,1,100,0.035163
1671015114.577816,125785.000,19239,2,EA,1,100,0.035169
1671015114.643885,125849.000,19258,2,EA,1,100,0.035171
1671015114.709955,125913.000,19258,2,EA,1,100,0.035175
1671015114.777057,125978.000,19275,1,EA,1,100,0.035176
1671015114.843126,126042.000,19290,2,EA,1,100,0.035188
1671015114.909196,126106.000,19290,2,EA,1,100,0.035190
1671015114.977330,126172.000,19309,1,EA,1,100,0.035196
1671015115.043400,126236.000,19325,2,EA,1,100,0.035201
1671015115.109469,126300.000,19325,2,EA,1,100,0.035204
1671015115.175539,126364.000,19345,1,EA,1,100,0.035212
1671015115.240576,126427.000,19361,2,EA,1,100,0.035224
1671015115.305613,126490.000,19361,2,EA,1,100,0.035230
1671015115.372199,126554.500,19379,2,EA,1,100,0.035233
1671015115.438785,126619.000,19379,2,EA,1,100,0.035240
1671015115.505887,126684.000,19395,1,EA,1,100,0.035249
1671015115.574021,126750.000,19413,2,EA,1,100,0.035261
1671015115.642155,126816.000,19413,2,EA,1,100,0.035264
1671015115.709257,126881.000,19437,2,EA,1,100,0.035271
1671015115.776359,126946.000,19437,2,EA,1,100,0.035276
1671015115.842429,127010.000,19456,1,EA,1,100,0.035276
1671015115.908498,127074.000,19473,2,EA,1,100,0.035277
1671015115.974568,127138.000,19473,2,EA,1,100,0.035288
1671015116.041153,127202.500,19490,2,EA,1,100,0.035300
1671015116.107739,127267.000,19490,2,EA,1,100,0.035305
1671015116.174841,127332.000,19509,1,EA,1,100,0.035314
1671015116.241427,127396.500,19527,2,EA,1,100,0.035322
1671015116.308012,127461.000,19527,2,EA,1,100,0.035326
1671015116.372017,127523.000,19545,1,EA,1,100,0.035326
1671015116.438603,127587.500,19560,2,EA,1,100,0.035329
1671015116.505189,127652.000,19560,2,EA,1,100,0.035332
1671015116.571259,127716.000,19577,1,EA,1,100,0.035340
1671015116.637844,127780.500,19595,2,EA,1,100,0.035327
1671015116.704430,127845.000,19595,2,EA,1,100,0.035330
1671015116.769984,127908.500,19613,2,EA,1,100,0.035347
1671015116.835537,127972.000,19613,2,EA,1,100,0.035357
1671015116.901606,128036.000,19631,1,EA,1,100,0.035362
1671015116.968192,128100.500,19649,2,EA,1,100,0.035351
1671015117.034778,128165.000,19649,2,EA,1,100,0.035357
1671015117.101880,128230.000,19666,1,EA,1,100,0.035364
1671015117.168466,128294.500,19686,2,EA,1,100,0.035362
1671015117.235051,128359.000,19686,2,EA,1,100,0.035365
1671015117.300088,128422.000,19703,1,EA,1,100,0.035383
1671015117.365642,128485.500,19720,2,EA,1,100,0.035383
1671015117.431195,128549.000,19720,2,EA,1,100,0.035381
1671015117.497265,128613.000,19737,2,EA,1,100,0.035386
1671015117.563334,128677.000,19737,2,EA,1,100,0.035392
1671015117.631469,128743.000,19753,1,EA,1,100,0.035401
1671015117.697538,128807.000,19773,2,EA,1,100,0.035409
1671015117.763608,128871.000,19773,2,EA,1,100,0.035411
1671015117.830710,128936.000,19791,1,EA,1,100,0.035409
1671015117.896779,129000.000,19809,2,EA,1,100,0.035422
1671015117.962849,129064.000,19809,2,EA,1,100,0.035431
1671015118.028919,129128.000,19825,1,EA,1,100,0.035437
1671015118.097053,129194.000,19842,2,EA,1,100,0.035447
1671015118.165187,129260.000,19842,2,EA,1,100,0.035452
1671015118.231773,129324.500,19862,2,EA,1,100,0.035455
1671015118.298358,129389.000,19862,2,EA,1,100,0.035461
1671015118.364428,129453.000,19878,1,EA,1,100,0.035468
1671015118.430498,129517.000,19893,2,EA,1,100,0.035483
1671015118.496567,129581.000,19893,2,EA,1,100,0.035483
1671015118.564701,129647.000,19913,1,EA,1,100,0.035487
1671015118.630255,129710.500,19929,2,EA,1,100,0.035495
1671015118.695808,129774.000,19929,2,EA,1,100,0.035508
1671015118.762910,129839.000,19949,1,EA,1,100,0.035515
1671015118.828464,129902.500,19966,2,EA,1,100,0.035520
1671015118.894017,129966.000,19966,2,EA,1,100,0.035519
1671015118.960603,130030.500,19985,2,EA,1,100,0.035521
1671015119.027188,130095.000,19985,2,EA,1,100,0.035525
1671015119.094290,130160.000,20001,1,EA,1,100,0.035535
1671015119.160360,130224.000,20024,2,EA,1,100,0.035541
1671015119.226429,130288.000,20024,2,EA,1,100,0.035544
1671015119.293531,130353.000,20040,1,EA,1,100,0.035551
1671015119.359085,130416.500,20055,2,EA,1,100,0.035546
1671015119.424638,130480.000,20055,2,EA,1,100,0.035545
1671015119.492772,130546.000,20071,1,EA,1,100,0.035553
1671015119.560390,130611.500,20089,2,EA,1,100,0.035561
1671015119.628009,130677.000,20089,2,EA,1,100,0.035564
1671015119.693046,130740.000,20105,1,EA,1,100,0.035561
1671015119.759115,130804.000,20124,2,EA,1,100,0.035562
1671015119.825185,130868.000,20124,2,EA,1,100,0.035568
1671015119.892287,130933.000,20142,2,EA,1,100,0.035590
1671015119.959389,130998.000,20142,2,EA,1,100,0.035590
1671015120.025458,131062.000,20159,1,EA,1,100,0.035598
1671015120.092044,131126.500,20177,2,EA,1,100,0.035603
1671015120.158630,131191.000,20177,2,EA,1,100,0.035605
1671015120.225732,131256.000,20198,1,EA,1,100,0.035605
1671015120.291801,131320.000,20213,2,EA,1,100,0.035606
1671015120.357871,131384.000,20213,2,EA,1,100,0.035611
1671015120.425489,131449.500,20229,2,EA,1,100,0.035614
1671015120.493107,131515.000,20229,2,EA,1,100,0.035616
1671015120.560209,131580.000,20246,1,EA,1,100,0.035621
1671015120.626795,131644.500,20266,2,EA,1,100,0.035639
1671015120.693380,131709.000,20266,2,EA,1,100,0.035653
1671015120.757385,131771.000,20282,1,EA,1,100,0.035660
1671015120.823971,131835.500,20300,2,EA,1,100,0.035655
1671015120.890557,131900.000,20300,2,EA,1,100,0.035658
1671015120.958347,131965.667,20324,3,EA,1,100,0.035662
1671015121.026137,132031.333,20324,3,EA,1,100,0.035675
1671015121.093927,132097.000,20324,3,EA,1,100,0.035692
1671015121.159997,132161.000,20340,1,EA,1,100,0.035694
1671015121.226582,132225.500,20362,2,EA,1,100,0.035697
1671015121.293168,132290.000,20362,2,EA,1,100,0.035697
1671015121.359754,132354.500,20377,2,EA,1,100,0.035704
1671015121.426340,132419.000,20377,2,EA,1,100,0.035714
1671015121.492409,132483.000,20396,1,EA,1,100,0.035717
1671015121.558479,132547.000,20413,2,EA,1,100,0.035719
1671015121.624548,132611.000,20413,2,EA,1,100,0.035723
1671015121.689585,132674.000,20433,1,EA,1,100,0.035721
1671015121.756171,132738.500,20448,2,EA,1,100,0.035722
1671015121.822757,132803.000,20448,2,EA,1,100,0.035729
1671015121.889859,132868.000,20467,2,EA,1,100,0.035735
1671015121.956961,132933.000,20467,2,EA,1,100,0.035743
1671015122.024063,132998.000,20483,1,EA,1,100,0.035755
1671015122.090648,133062.500,20500,2,EA,1,100,0.035762
1671015122.157234,133127.000,20500,2,EA,1,100,0.035767
1671015122.223304,133191.000,20522,1,EA,1,100,0.035769
1671015122.289373,133255.000,20537,2,EA,1,100,0.035770
1671015122.355443,133319.000,20537,2,EA,1,100,0.035769
1671015122.422545,133384.000,20553,1,EA,1,100,0.035779
1671015122.489130,133448.500,20571,2,EA,1,100,0.035774
1671015122.555716,133513.000,20571,2,EA,1,100,0.035779
1671015122.624367,133579.500,20587,2,EA,1,100,0.035773
1671015122.693017,133646.000,20587,2,EA,1,100,0.035786
1671015122.759087,133710.000,20607,1,EA,1,100,0.035803
1671015122.825672,133774.500,20622,2,EA,1,100,0.035808
1671015122.892258,133839.000,20622,2,EA,1,100,0.035809
1671015122.958328,133903.000,20641,1,EA,1,100,0.035814
1671015123.023881,133966.500,20657,2,EA,1,100,0.035827
1671015123.089435,134030.000,20657,2,EA,1,100,0.035833
1671015123.154472,134093.000,20674,1,EA,1,100,0.035843
1671015123.222606,134159.000,20693,2,EA,1,100,0.035860
1671015123.290740,134225.000,20693,2,EA,1,100,0.035860
1671015123.357842,134290.000,20711,2,EA,1,100,0.035856
1671015123.424944,134355.000,20711,2,EA,1,100,0.035862
1671015123.492046,134420.000,20727,1,EA,1,100,0.035872
1671015123.558632,134484.500,20747,2,EA,1,100,0.035872
1671015123.625217,134549.000,20747,2,EA,1,100,0.035872
1671015123.691287,134613.000,20766,1,EA,1,100,0.035873
1671015123.757357,134677.000,20781,2,EA,1,100,0.035876
1671015123.823426,134741.000,20781,2,EA,1,100,0.035880
1671015123.889496,134805.000,20798,1,EA,1,100,0.035894
1671015123.956082,134869.500,20817,2,EA,1,100,0.035909
1671015124.022667,134934.000,20817,2,EA,1,100,0.035925
1671015124.088737,134998.000,20833,1,EA,1,100,0.035925
1671015124.156871,135064.000,20855,2,EA,1,100,0.035930
1671015124.225005,135130.000,20855,2,EA,1,100,0.035933
1671015124.291591,135194.500,20870,2,EA,1,100,0.035938
1671015124.358177,135259.000,20870,2,EA,1,100,0.035941
1671015124.424246,135323.000,20887,1,EA,1,100,0.035955
1671015124.489800,135386.500,20904,2,EA,1,100,0.035954
1671015124.555353,135450.000,20904,2,EA,1,100,0.035960
1671015124.622455,135515.000,20921,1,EA,1,100,0.035962
1671015124.689041,135579.500,20938,2,EA,1,100,0.035961
1671015124.755626,135644.000,20938,2,EA,1,100,0.035970
1671015124.821696,135708.000,20956,2,EA,1,100,0.035975
1671015124.887766,135772.000,20956,2,EA,1,100,0.035970
1671015124.956932,135839.000,20974,1,EA,1,100,0.035970
1671015125.024034,135904.000,20991,2,EA,1,100,0.035987
1671015125.091136,135969.000,20991,2,EA,1,100,0.035997
1671015125.157206,136033.000,21010,1,EA,1,100,0.036008
1671015125.222243,136096.000,21029,2,EA,1,100,0.036016
1671015125.287280,136159.000,21029,2,EA,1,100,0.036015
1671015125.353866,136223.500,21044,2,EA,1,100,0.036019
1671015125.420452,136288.000,21044,2,EA,1,100,0.036023
1671015125.487554,136353.000,21061,1,EA,1,100,0.036026
1671015125.555688,136419.000,21078,2,EA,1,100,0.036034
1671015125.623822,136485.000,21078,2,EA,1,100,0.036038
1671015125.690924,136550.000,21096,1,EA,1,100,0.036042
1671015125.757510,136614.500,21112,2,EA,1,100,0.036052
1671015125.824095,136679.000,21112,2,EA,1,100,0.036057
1671015125.891197,136744.000,21130,1,EA,1,100,0.036069
1671015125.957267,136808.000,21148,2,EA,1,100,0.036077
1671015126.023336,136872.000,21148,2,EA,1,100,0.036084
1671015126.089922,136936.500,21167,2,EA,1,100,0.036097
1671015126.156508,137001.000,21167,2,EA,1,100,0.036090
1671015126.221545,137064.000,21187,1,EA,1,100,0.036088
1671015126.287615,137128.000,21207,2,EA,1,100,0.036091
1671015126.353684,137192.000,21207,2,EA,1,100,0.036094
1671015126.420786,137257.000,21223,1,EA,1,100,0.036102
1671015126.486856,137321.000,21243,2,EA,1,100,0.036093
1671015126.552925,137385.000,21243,2,EA,1,100,0.036096
1671015126.618995,137449.000,21259,1,EA,1,100,0.036100
1671015126.684720,137512.667,21278,3,EA,1,100,0.036106
1671015126.750446,137576.333,21278,3,EA,1,100,0.036107
1671015126.816171,137640.000,21278,3,EA,1,100,0.036113
1671015126.882757,137704.500,21297,2,EA,1,100,0.036124
1671015126.949343,137769.000,21297,2,EA,1,100,0.036138
1671015127.016445,137834.000,21314,2,EA,1,100,0.036153
1671015127.083547,137899.000,21314,2,EA,1,100,0.036170
1671015127.148584,137962.000,21333,1,EA,1,100,0.036165
1671015127.215169,138026.500,21351,2,EA,1,100,0.036163
1671015127.281755,138091.000,21351,2,EA,1,100,0.036168
1671015127.347825,138155.000,21367,1,EA,1,100,0.036175
1671015127.413894,138219.000,21384,2,EA,1,100,0.036181
1671015127.479964,138283.000,21384,2,EA,1,100,0.036198
1671015127.546550,138347.500,21403,2,EA,1,100,0.036207
1671015127.613135,138412.000,21403,2,EA,1,100,0.036203
1671015127.679205,138476.000,21420,1,EA,1,100,0.036200
1671015127.745791,138540.500,21437,2,EA,1,100,0.036198
1671015127.812376,138605.000,21437,2,EA,1,100,0.036207
1671015127.878446,138669.000,21455,1,EA,1,100,0.036217
1671015127.944516,138733.000,21475,2,EA,1,100,0.036216
1671015128.010585,138797.000,21475,2,EA,1,100,0.036221
1671015128.077687,138862.000,21492,1,EA,1,100,0.036232
1671015128.144789,138927.000,21512,2,EA,1,100,0.036240
1671015128.211891,138992.000,21512,2,EA,1,100,0.036237
1671015128.278477,139056.500,21529,2,EA,1,100,0.036236
1671015128.345062,139121.000,21529,2,EA,1,100,0.036244
1671015128.412164,139186.000,21545,1,EA,1,100,0.036258
1671015128.478750,139250.500,21563,2,EA,1,100,0.036261
1671015128.545336,139315.000,21563,2,EA,1,100,0.036267
1671015128.609341,139377.000,21579,1,EA,1,100,0.036272
1671015128.676443,139442.000,21594,2,EA,1,100,0.036289
1671015128.743545,139507.000,21594,2,EA,1,100,0.036292
1671015128.809098,139570.500,21614,2,EA,1,100,0.036297
1671015128.874651,139634.000,21614,2,EA,1,100,0.036303
1671015128.941753,139699.000,21633,1,EA,1,100,0.036316
1671015129.007823,139763.000,21651,2,EA,1,100,0.036310
1671015129.073892,139827.000,21651,2,EA,1,100,0.036300
1671015129.140994,139892.000,21671,1,EA,1,100,0.036298
1671015129.207580,139956.500,21687,2,EA,1,100,0.036310
1671015129.274166,140021.000,21687,2,EA,1,100,0.036319
1671015129.339719,140084.500,21705,2,EA,1,100,0.036317
1671015129.405272,140148.000,21705,2,EA,1,100,0.036322
1671015129.473407,140214.000,21721,1,EA,1,100,0.036337
1671015129.541025,140279.500,21741,2,EA,1,100,0.036335
1671015129.608643,140345.000,21741,2,EA,1,100,0.036340
1671015129.673680,140408.000,21760,1,EA,1,100,0.036347
1671015129.739750,140472.000,21775,2,EA,1,100,0.036356
1671015129.805819,140536.000,21775,2,EA,1,100,0.036362
1671015129.873954,140602.000,21792,1,EA,1,100,0.036373
1671015129.940023,140666.000,21811,2,EA,1,100,0.036390
1671015130.006093,140730.000,21811,2,EA,1,100,0.036398
1671015130.072678,140794.500,21829,2,EA,1,100,0.036397
1671015130.139264,140859.000,21829,2,EA,1,100,0.036398
1671015130.205334,140923.000,21850,1,EA,1,100,0.036401
1671015130.271919,140987.500,21864,2,EA,1,100,0.036408
1671015130.338505,141052.000,21864,2,EA,1,100,0.036422
1671015130.407672,141119.000,21881,1,EA,1,100,0.036437
1671015130.474257,141183.500,21900,2,EA,1,100,0.036438
1671015130.540843,141248.000,21900,2,EA,1,100,0.036433
1671015130.606913,141312.000,21917,1,EA,1,100,0.036426
1671015130.672466,141375.500,21934,2,EA,1,100,0.036432
1671015130.738020,141439.000,21934,2,EA,1,100,0.036437
1671015130.804605,141503.500,21952,2,EA,1,100,0.036439
1671015130.871191,141568.000,21952,2,EA,1,100,0.036449
1671015130.939325,141634.000,21970,1,EA,1,100,0.036463
1671015131.006943,141699.500,21989,2,EA,1,100,0.036466
1671015131.074562,141765.000,21989,2,EA,1,100,0.036468
1671015131.140631,141829.000,22005,1,EA,1,100,0.036469
1671015131.207217,141893.500,22024,2,EA,1,100,0.036469
1671015131.273803,141958.000,22024,2,EA,1,100,0.036480
1671015131.339872,142022.000,22040,1,EA,1,100,0.036496
1671015131.406458,142086.500,22059,2,EA,1,100,0.036496
1671015131.473044,142151.000,22059,2,EA,1,100,0.036498
1671015131.539113,142215.000,22081,2,EA,1,100,0.036499
1671015131.605183,142279.000,22081,2,EA,1,100,0.036508
1671015131.670736,142342.500,22101,2,EA,1,100,0.036514
1671015131.736290,142406.000,22101,2,EA,1,100,0.036520
1671015131.803391,142471.000,22119,1,EA,1,100,0.036516
1671015131.870493,142536.000,22138,2,EA,1,100,0.036518
1671015131.937595,142601.000,22138,2,EA,1,100,0.036529
1671015132.004181,142665.500,22153,2,EA,1,100,0.036546
1671015132.070767,142730.000,22153,2,EA,1,100,0.036547
1671015132.137869,142795.000,22175,1,EA,1,100,0.036550
1671015132.203938,142859.000,22192,2,EA,1,100,0.036557
1671015132.270008,142923.000,22192,2,EA,1,100,0.036564
1671015132.336594,142987.500,22209,2,EA,1,100,0.036569
1671015132.403179,143052.000,22209,2,EA,1,100,0.036576
1671015132.471313,143118.000,22225,1,EA,1,100,0.036584
1671015132.539448,143184.000,22243,2,EA,1,100,0.036580
1671015132.607582,143250.000,22243,2,EA,1,100,0.036586
1671015132.676749,143317.000,22262,1,EA,1,100,0.036590
1671015132.743334,143381.500,22279,2,EA,1,100,0.036592
1671015132.809920,143446.000,22279,2,EA,1,100,0.036600
1671015132.875990,143510.000,22296,1,EA,1,100,0.036616
1671015132.940511,143572.500,22313,2,EA,1,100,0.036609
1671015133.005032,143635.000,22313,2,EA,1,100,0.036608
1671015133.073166,143701.000,22329,1,EA,1,100,0.036633
1671015133.139752,143765.500,22350,2,EA,1,100,0.036637
1671015133.206337,143830.000,22350,2,EA,1,100,0.036653
1671015133.274472,143896.000,22366,2,EA,1,100,0.036670
1671015133.342606,143962.000,22366,2,EA,1,100,0.036669
1671015133.408676,144026.000,22385,1,EA,1,100,0.036670
1671015133.475261,144090.500,22400,2,EA,1,100,0.036674
1671015133.541847,144155.000,22400,2,EA,1,100,0.036667
1671015133.607917,144219.000,22417,1,EA,1,100,0.036665
1671015133.675019,144284.000,22436,2,EA,1,100,0.036667
1671015133.742121,144349.000,22436,2,EA,1,100,0.036667
1671015133.807158,144412.000,22453,1,EA,1,100,0.036671
1671015133.872711,144475.500,22471,2,EA,1,100,0.036680
1671015133.938264,144539.000,22471,2,EA,1,100,0.036686
1671015134.004850,144603.500,22489,2,EA,1,100,0.036691
1671015134.071436,144668.000,22489,2,EA,1,100,0.036690
1671015134.140603,144735.000,22505,1,EA,1,100,0.036699
1671015134.207705,144800.000,22526,2,EA,1,100,0.036702
1671015134.274806,144865.000,22526,2,EA,1,100,0.036710
1671015134.340876,144929.000,22542,1,EA,1,100,0.036727
1671015134.406429,144992.500,22557,2,EA,1,100,0.036744
1671015134.471983,145056.000,22557,2,EA,1,100,0.036746
1671015134.538052,145120.000,22574,1,EA,1,100,0.036752
1671015134.605154,145185.000,22596,2,EA,1,100,0.036748
1671015134.672256,145250.000,22596,2,EA,1,100,0.036751
1671015134.739874,145315.500,22612,2,EA,1,100,0.036754
1671015134.807492,145381.000,22612,2,EA,1,100,0.036753
1671015134.874594,145446.000,22630,1,EA,1,100,0.036770
1671015134.942728,145512.000,22649,2,EA,1,100,0.036775
1671015135.010863,145578.000,22649,2,EA,1,100,0.036776
1671015135.077448,145642.500,22665,2,EA,1,100,0.036776
1671015135.144034,145707.000,22665,2,EA,1,100,0.036773
1671015135.211136,145772.000,22685,1,EA,1,100,0.036779
1671015135.276173,145835.000,22702,2,EA,1,100,0.036788
1671015135.341211,145898.000,22702,2,EA,1,100,0.036803
1671015135.407280,145962.000,22718,1,EA,1,100,0.036803
1671015135.474898,146027.500,22737,2,EA,1,100,0.036809
1671015135.542516,146093.000,22737,2,EA,1,100,0.036811
1671015135.610134,146158.500,22752,2,EA,1,100,0.036809
1671015135.677752,146224.000,22752,2,EA,1,100,0.036821
1671015135.744854,146289.000,22772,1,EA,1,100,0.036837
1671015135.810924,146353.000,22791,2,EA,1,100,0.036831
1671015135.876993,146417.000,22791,2,EA,1,100,0.036835
1671015135.943063,146481.000,22810,1,EA,1,100,0.036834
1671015136.009649,146545.500,22824,2,EA,1,100,0.036835
1671015136.076234,146610.000,22824,2,EA,1,100,0.036844
1671015136.143336,146675.000,22841,1,EA,1,100,0.036854
1671015136.209922,146739.500,22861,2,EA,1,100,0.036867
1671015136.276508,146804.000,22861,2,EA,1,100,0.036874
1671015136.342061,146867.500,22880,2,EA,1,100,0.036862
1671015136.407615,146931.000,22880,2,EA,1,100,0.036860
1671015136.473684,146995.000,22896,1,EA,1,100,0.036867
1671015136.539754,147059.000,22912,2,EA,1,100,0.036871
1671015136.605823,147123.000,22912,2,EA,1,100,0.036868
1671015136.672925,147188.000,22931,1,EA,1,100,0.036867
1671015136.737962,147251.000,22948,2,EA,1,100,0.036882
1671015136.803000,147314.000,22948,2,EA,1,100,0.036896
1671015136.869586,147378.500,22969,2,EA,1,100,0.036899
1671015136.936171,147443.000,22969,2,EA,1,100,0.036909
1671015137.004305,147509.000,22987,2,EA,1,100,0.036917
1671015137.072440,147575.000,22987,2,EA,1,100,0.036922
1671015137.139025,147639.500,23007,2,EA,1,100,0.036924
1671015137.205611,147704.000,23007,2,EA,1,100,0.036924
1671015137.270648,147767.000,23026,1,EA,1,100,0.036935
1671015137.336202,147830.500,23041,2,EA,1,100,0.036938
1671015137.401755,147894.000,23041,2,EA,1,100,0.036948
1671015137.468857,147959.000,23057,1,EA,1,100,0.036955
1671015137.535443,148023.500,23075,2,EA,1,100,0.036958
1671015137.602029,148088.000,23075,2,EA,1,100,0.036970
1671015137.668098,148152.000,23096,1,EA,1,100,0.036969
1671015137.734684,148216.500,23112,2,EA,1,100,0.036977
1671015137.801270,148281.000,23112,2,EA,1,100,0.036986
1671015137.866823,148344.500,23132,2,EA,1,100,0.036989
1671015137.932376,148408.000,23132,2,EA,1,100,0.036994
1671015137.999478,148473.000,23149,1,EA,1,100,0.036999
1671015138.065548,148537.000,23165,2,EA,1,100,0.036985
1671015138.131618,148601.000,23165,2,EA,1,100,0.036990
1671015138.198720,148666.000,23186,1,EA,1,100,0.036990
1671015138.265305,148730.500,23200,2,EA,1,100,0.037004
1671015138.331891,148795.000,23200,2,EA,1,100,0.037015
1671015138.398993,148860.000,23217,1,EA,1,100,0.037036
1671015138.465579,148924.500,23234,2,EA,1,100,0.037038
1671015138.532164,148989.000,23234,2,EA,1,100,0.037038
1671015138.597718,149052.500,23253,2,EA,1,100,0.037034
1671015138.663271,149116.000,23253,2,EA,1,100,0.037019
1671015138.730373,149181.000,23270,1,EA,1,100,0.037015
1671015138.795926,149244.500,23288,2,EA,1,100,0.037030
1671015138.861480,149308.000,23288,2,EA,1,100,0.037040
1671015138.928582,149373.000,23306,1,EA,1,100,0.037047
1671015138.994651,149437.000,23325,2,EA,1,100,0.037047
1671015139.060721,149501.000,23325,2,EA,1,100,0.037048
1671015139.127823,149566.000,23341,1,EA,1,100,0.037058
1671015139.193892,149630.000,23361,2,EA,1,100,0.037067
1671015139.259962,149694.000,23361,2,EA,1,100,0.037083
1671015139.326031,149758.000,23376,2,EA,1,100,0.037099
1671015139.392101,149822.000,23376,2,EA,1,100,0.037107
1671015139.460235,149888.000,23395,1,EA,1,100,0.037100
1671015139.527853,149953.500,23412,2,EA,1,100,0.037110
1671015139.595471,150019.000,23412,2,EA,1,100,0.037138
1671015139.660509,150082.000,23429,1,EA,1,100,0.037159
1671015139.726578,150146.000,23446,2,EA,1,100,0.037180
1671015139.792648,150210.000,23446,2,EA,1,100,0.037192
1671015139.860782,150276.000,23464,1,EA,1,100,0.037203
1671015139.926852,150340.000,23482,2,EA,1,100,0.037219
1671015139.992921,150404.000,23482,2,EA,1,100,0.037229
1671015140.059507,150468.500,23501,2,EA,1,100,0.037234
1671015140.126093,150533.000,23501,2,EA,1,100,0.037235
1671015140.192162,150597.000,23521,1,EA,1,100,0.037244
1671015140.258232,150661.000,23538,2,EA,1,100,0.037269
1671015140.324301,150725.000,23538,2,EA,1,100,0.037268
1671015140.391403,150790.000,23554,1,EA,1,100,0.037280
1671015140.457989,150854.500,23572,2,EA,1,100,0.037322
1671015140.524575,150919.000,23572,2,EA,1,100,0.037363
1671015140.590644,150983.000,23588,1,EA,1,100,0.037378
1671015140.656198,151046.500,23607,2,EA,1,100,0.037385
1671015140.721751,151110.000,23607,2,EA,1,100,0.037392
1671015140.788337,151174.500,23626,2,EA,1,100,0.037396
1671015140.854923,151239.000,23626,2,EA,1,100,0.037403
1671015140.923057,151305.000,23644,2,EA,1,100,0.037412
1671015140.991191,151371.000,23644,2,EA,1,100,0.037417
1671015141.058293,151436.000,23660,1,EA,1,100,0.037427
1671015141.124879,151500.500,23681,2,EA,1,100,0.037433
1671015141.191464,151565.000,23681,2,EA,1,100,0.037438
1671015141.257534,151629.000,23697,1,EA,1,100,0.037448
1671015141.324120,151693.500,23713,2,EA,1,100,0.037468
1671015141.390706,151758.000,23713,2,EA,1,100,0.037478
1671015141.457291,151822.500,23731,2,EA,1,100,0.037482
1671015141.523877,151887.000,23731,2,EA,1,100,0.037478
1671015141.590979,151952.000,23748,1,EA,1,100,0.037479
1671015141.656532,152015.500,23764,2,EA,1,100,0.037504
1671015141.722086,152079.000,23764,2,EA,1,100,0.037518
1671015141.789188,152144.000,23786,1,EA,1,100,0.037524
1671015141.856290,152209.000,23803,2,EA,1,100,0.037532
1671015141.923391,152274.000,23803,2,EA,1,100,0.037549
1671015141.990493,152339.000,23820,1,EA,1,100,0.037563
1671015142.056907,152403.333,23852,3,EA,1,100,0.037566
1671015142.123321,152467.667,23852,3,EA,1,100,0.037571
1671015142.189734,152532.000,23852,3,EA,1,100,0.037572
1671015142.255804,152596.000,23868,2,EA,1,100,0.037584
1671015142.321873,152660.000,23868,2,EA,1,100,0.037585
1671015142.388975,152725.000,23885,1,EA,1,100,0.037593
1671015142.457110,152791.000,23902,2,EA,1,100,0.037615
1671015142.525244,152857.000,23902,2,EA,1,100,0.037620
1671015142.592862,152922.500,23921,2,EA,1,100,0.037619
1671015142.660480,152988.000,23921,2,EA,1,100,0.037628
1671015142.726550,153052.000,23940,1,EA,1,100,0.037636
1671015142.793135,153116.500,23958,2,EA,1,100,0.037649
1671015142.859721,153181.000,23958,2,EA,1,100,0.037647
1671015142.925791,153245.000,23976,1,EA,1,100,0.037656
1671015142.991344,153308.500,23993,2,EA,1,100,0.037680
1671015143.056897,153372.000,23993,2,EA,1,100,0.037683
1671015143.121935,153435.000,24009,1,EA,1,100,0.037699
1671015143.189037,153500.000,24031,2,EA,1,100,0.037703
1671015143.256139,153565.000,24031,2,EA,1,100,0.037708
1671015143.323241,153630.000,24046,2,EA,1,100,0.037706
1671015143.390342,153695.000,24046,2,EA,1,100,0.037697
1671015143.457444,153760.000,24063,1,EA,1,100,0.037703
1671015143.523514,153824.000,24082,2,EA,1,100,0.037721
1671015143.589583,153888.000,24082,2,EA,1,100,0.037705
1671015143.656685,153953.000,24099,1,EA,1,100,0.037674
1671015143.722755,154017.000,24113,2,EA,1,100,0.037666
1671015143.788824,154081.000,24113,2,EA,1,100,0.037660
1671015143.854894,154145.000,24134,1,EA,1,100,0.037651
1671015143.921480,154209.500,24152,2,EA,1,100,0.037651
1671015143.988065,154274.000,24152,2,EA,1,100,0.037665
