LslMarkerSourceTimestamp,LslLocalTimestamp,LocalTimestamp,EmotiBitTimestamp,PacketNumber,DataLength,TypeTag,ProtocolVersion,DataReliability,BV
640313.666371,640313.666362,1673974810.353849,86498.000,11970,1,BV,1,100,3.73
640314.663200,640314.663191,1673974811.350649,87464.000,12119,1,BV,1,100,3.73
640315.656933,640315.656924,1673974812.344354,88427.000,12271,1,BV,1,100,3.73
640316.657890,640316.657881,1673974813.345281,89397.000,12441,1,BV,1,100,3.73
640317.654719,640317.654710,1673974814.342081,90363.000,12589,1,BV,1,100,3.73
640318.655676,640318.655666,1673974815.343009,91333.000,12759,1,BV,1,100,3.73
640319.657664,640319.657655,1673974816.344968,92304.000,12916,1,BV,1,100,3.73
640320.653462,640320.653452,1673974817.340737,93269.000,13083,1,BV,1,100,3.73
640321.655450,640321.655441,1673974818.342696,94240.000,13234,1,BV,1,100,3.73
640322.654343,640322.654334,1673974819.341560,95208.000,13404,1,BV,1,100,3.73
640323.649108,640323.649099,1673974820.336296,96172.000,13553,1,BV,1,100,3.73
640324.645937,640324.645928,1673974821.333096,97138.000,13728,1,BV,1,100,3.73
640325.641735,640325.641725,1673974822.328864,98103.000,13880,1,BV,1,100,3.73
640326.642691,640326.642681,1673974823.329792,99073.000,14046,1,BV,1,100,3.73
640327.639520,640327.639511,1673974824.326592,100039.000,14198,1,BV,1,100,3.73
640328.642541,640328.642531,1673974825.329583,101011.000,14368,1,BV,1,100,3.73
640329.641434,640329.641424,1673974826.328447,101979.000,14521,1,BV,1,100,3.73
640330.639295,640330.639285,1673974827.326279,102946.000,14691,1,BV,1,100,3.73
640331.637156,640331.637146,1673974828.324111,103913.000,14843,1,BV,1,100,3.73
640332.631921,640332.631911,1673974829.318847,104877.000,15010,1,BV,1,100,3.73
640333.628750,640333.628740,1673974830.315647,105843.000,15161,1,BV,1,100,3.73
640334.625579,640334.625569,1673974831.312447,106809.000,15331,1,BV,1,100,3.73
640335.621376,640335.621366,1673974832.308216,107774.000,15485,1,BV,1,100,3.73
640336.621301,640336.621291,1673974833.308111,108743.000,15655,1,BV,1,100,3.73
640337.618130,640337.618120,1673974834.304911,109709.000,15806,1,BV,1,100,3.73
640338.623215,640338.623204,1673974835.309966,110683.000,15973,1,BV,1,100,3.73
640339.620044,640339.620033,1673974836.306767,111649.000,16125,1,BV,1,100,3.72
640340.621000,640340.620990,1673974837.307694,112619.000,16300,1,BV,1,100,3.72
640341.615766,640341.615755,1673974838.302430,113583.000,16448,1,BV,1,100,3.72
640342.609499,640342.609488,1673974839.296135,114546.000,16618,1,BV,1,100,3.73
640343.607360,640343.607349,1673974840.293967,115513.000,16770,1,BV,1,100,3.73
640344.606253,640344.606242,1673974841.292830,116481.000,16937,1,BV,1,100,3.72
640345.602050,640345.602039,1673974842.288599,117446.000,17093,1,BV,1,100,3.73
640346.599911,640346.599900,1673974843.286431,118413.000,17263,1,BV,1,100,3.72
640347.602932,640347.602921,1673974844.289422,119385.000,17412,1,BV,1,100,3.72
640348.603888,640348.603877,1673974845.290349,120355.000,17582,1,BV,1,100,3.72
640349.599686,640349.599674,1673974846.286118,121320.000,17749,1,BV,1,100,3.72
640350.602706,640350.602695,1673974847.289109,122292.000,17900,1,BV,1,100,3.72
640351.596439,640351.596428,1673974848.282813,123255.000,18057,1,BV,1,100,3.72
640352.594300,640352.594289,1673974849.280645,124222.000,18227,1,BV,1,100,3.72
640353.588034,640353.588022,1673974850.274350,125185.000,18375,1,BV,1,100,3.72
640354.592086,640354.592075,1673974851.278373,126158.000,18545,1,BV,1,100,3.72
640355.589947,640355.589936,1673974852.276205,127125.000,18713,1,BV,1,100,3.72
640356.586776,640356.586765,1673974853.273005,128091.000,18869,1,BV,1,100,3.72
640357.590829,640357.590817,1673974854.277028,129064.000,19038,1,BV,1,100,3.72
640358.587658,640358.587646,1673974855.273828,130030.000,19190,1,BV,1,100,3.72
640359.583455,640359.583443,1673974856.269596,130995.000,19355,1,BV,1,100,3.72
640360.585444,640360.585432,1673974857.271556,131966.000,19509,1,BV,1,100,3.72
640361.578145,640361.578133,1673974858.264228,132928.000,19681,1,BV,1,100,3.72
640362.573942,640362.573930,1673974859.259996,133893.000,19830,1,BV,1,100,3.72
640363.572835,640363.572823,1673974860.258860,134861.000,19999,1,BV,1,100,3.72
640364.575856,640364.575844,1673974861.261852,135833.000,20154,1,BV,1,100,3.72
640365.572685,640365.572673,1673974862.258652,136799.000,20318,1,BV,1,100,3.72
640366.570546,640366.570534,1673974863.256484,137766.000,20477,1,BV,1,100,3.73
640367.572534,640367.572522,1673974864.258443,138737.000,20644,1,BV,1,100,3.72
640368.566268,640368.566255,1673974865.252147,139700.000,20794,1,BV,1,100,3.72
640369.564129,640369.564116,1673974866.249979,140667.000,20963,1,BV,1,100,3.72
640370.559926,640370.559913,1673974867.245748,141632.000,21114,1,BV,1,100,3.72
640371.554691,640371.554679,1673974868.240484,142596.000,21281,1,BV,1,100,3.72
640372.550488,640372.550476,1673974869.236252,143561.000,21438,1,BV,1,100,3.72
640373.550413,640373.550400,1673974870.236148,144530.000,21608,1,BV,1,100,3.72
640374.554466,640374.554453,1673974871.240171,145503.000,21774,1,BV,1,100,3.72
640375.552327,640375.552314,1673974872.238003,146470.000,21925,1,BV,1,100,3.72
640376.554315,640376.554302,1673974873.239962,147441.000,22095,1,BV,1,100,3.72
640377.556304,640377.556291,1673974874.241922,148412.000,22249,1,BV,1,100,3.72
640378.554165,640378.554152,1673974875.239754,149379.000,22419,1,BV,1,100,3.72
640379.546866,640379.546853,1673974876.232426,150341.000,22570,1,BV,1,100,3.72
640380.543695,640380.543682,1673974877.229226,151307.000,22737,1,BV,1,100,3.72
640381.539493,640381.539479,1673974878.224994,152272.000,22889,1,BV,1,100,3.72
640382.537353,640382.537340,1673974879.222826,153239.000,23064,1,BV,1,100,3.72
640383.537278,640383.537265,1673974880.222722,154208.000,23228,1,BV,1,100,3.72
640384.538235,640384.538222,1673974881.223650,155178.000,23380,1,BV,1,100,3.72
640385.537128,640385.537115,1673974882.222513,156146.000,23549,1,BV,1,100,3.72
640386.537053,640386.537039,1673974883.222409,157115.000,23698,1,BV,1,100,3.72
640387.534914,640387.534900,1673974884.220241,158082.000,23868,1,BV,1,100,3.72
640388.534839,640388.534825,1673974885.220137,159051.000,24008,1,BV,1,100,3.72
640389.529604,640389.529590,1673974886.214873,160015.000,24175,1,BV,1,100,3.72
640390.524369,640390.524355,1673974887.209609,160979.000,24327,1,BV,1,100,3.72
640391.524294,640391.524280,1673974888.209505,161948.000,24497,1,BV,1,100,3.72
640392.522155,640392.522141,1673974889.207337,162915.000,24663,1,BV,1,100,3.72
640393.523112,640393.523098,1673974890.208265,163885.000,24820,1,BV,1,100,3.72
640394.524068,640394.524054,1673974891.209192,164855.000,24989,1,BV,1,100,3.72
640395.519865,640395.519852,1673974892.204960,165820.000,25138,1,BV,1,100,3.72
640396.518758,640396.518744,1673974893.203824,166788.000,25308,1,BV,1,100,3.72
640397.515587,640397.515573,1673974894.200624,167754.000,25459,1,BV,1,100,3.72
640398.510353,640398.510339,1673974895.195360,168718.000,25631,1,BV,1,100,3.72
640399.505118,640399.505104,1673974896.190097,169682.000,25783,1,BV,1,100,3.72
640400.499883,640400.499869,1673974897.184833,170646.000,25953,1,BV,1,100,3.72
640401.499808,640401.499794,1673974898.184729,171615.000,26118,1,BV,1,100,3.72
640402.500765,640402.500750,1673974899.185656,172585.000,26269,1,BV,1,100,3.72
640403.501721,640403.501707,1673974900.186584,173555.000,26438,1,BV,1,100,3.72
640404.505774,640404.505759,1673974901.190607,174528.000,26595,1,BV,1,100,3.72
640405.500539,640405.500525,1673974902.185344,175492.000,26762,1,BV,1,100,3.72
640406.504592,640406.504577,1673974903.189367,176465.000,26913,1,BV,1,100,3.72
640407.498325,640407.498310,1673974904.183071,177428.000,27080,1,BV,1,100,3.72
640408.494122,640408.494107,1673974905.178839,178393.000,27233,1,BV,1,100,3.72
640409.491983,640409.491968,1673974906.176671,179360.000,27391,1,BV,1,100,3.72
640410.488812,640410.488797,1673974907.173471,180326.000,27559,1,BV,1,100,3.71
640411.486673,640411.486658,1673974908.171303,181293.000,27694,1,BV,1,100,3.72
640412.482470,640412.482455,1673974909.167071,182258.000,27861,1,BV,1,100,3.72
640413.488587,640413.488572,1673974910.173158,183233.000,28028,1,BV,1,100,3.72
640414.489543,640414.489528,1673974911.174086,184203.000,28187,1,BV,1,100,3.72
640415.486373,640415.486357,1673974912.170886,185169.000,28340,1,BV,1,100,3.72
640416.486297,640416.486282,1673974913.170782,186138.000,28506,1,BV,1,100,3.72
640417.481063,640417.481047,1673974914.165518,187102.000,28658,1,BV,1,100,3.72
640418.476860,640418.476844,1673974915.161286,188067.000,28807,1,BV,1,100,3.72
640419.474721,640419.474705,1673974916.159118,189034.000,28982,1,BV,1,100,3.72
640420.473614,640420.473598,1673974917.157982,190002.000,29120,1,BV,1,100,3.72
640421.472507,640421.472491,1673974918.156846,190970.000,29287,1,BV,1,100,3.72
640422.469336,640422.469320,1673974919.153646,191936.000,29436,1,BV,1,100,3.72
640423.472356,640423.472341,1673974920.156637,192908.000,29606,1,BV,1,100,3.72
640424.471249,640424.471233,1673974921.155501,193876.000,29757,1,BV,1,100,3.72
640425.467046,640425.467030,1673974922.151269,194841.000,29915,1,BV,1,100,3.72
640426.462843,640426.462828,1673974923.147037,195806.000,30084,1,BV,1,100,3.72
640427.458641,640427.458625,1673974924.142805,196771.000,30190,1,BV,1,100,3.72
640428.456502,640428.456486,1673974925.140637,197738.000,30341,1,BV,1,100,3.72
640429.454363,640429.454347,1673974926.138469,198705.000,30508,1,BV,1,100,3.72
640430.455319,640430.455303,1673974927.139397,199675.000,30667,1,BV,1,100,3.72
640431.452148,640431.452132,1673974928.136197,200641.000,30816,1,BV,1,100,3.72
640432.455169,640432.455153,1673974929.139188,201613.000,30986,1,BV,1,100,3.72
640433.455094,640433.455077,1673974930.139084,202582.000,31150,1,BV,1,100,3.72
640434.453987,640434.453970,1673974931.137948,203550.000,31301,1,BV,1,100,3.72
640435.453911,640435.453895,1673974932.137843,204519.000,31476,1,BV,1,100,3.72
640436.448677,640436.448660,1673974933.132580,205483.000,31628,1,BV,1,100,3.72
640437.446538,640437.446521,1673974934.130412,206450.000,31795,1,BV,1,100,3.72
640438.441303,640438.441286,1673974935.125148,207414.000,31946,1,BV,1,100,3.72
640439.443292,640439.443275,1673974936.127107,208385.000,32116,1,BV,1,100,3.72
640440.442184,640440.442168,1673974937.125971,209353.000,32265,1,BV,1,100,3.72
640441.437982,640441.437965,1673974938.121739,210318.000,32440,1,BV,1,100,3.72
640442.443066,640442.443049,1673974939.126794,211292.000,32588,1,BV,1,100,3.72
640443.439895,640443.439878,1673974940.123595,212258.000,32758,1,BV,1,100,3.72
640444.436724,640444.436707,1673974941.120394,213224.000,32910,1,BV,1,100,3.72
640445.436649,640445.436632,1673974942.120290,214193.000,33077,1,BV,1,100,3.72
640446.430382,640446.430365,1673974943.113995,215156.000,33235,1,BV,1,100,3.72
640447.425148,640447.425130,1673974944.108731,216120.000,33386,1,BV,1,100,3.72
640448.423009,640448.422991,1673974945.106563,217087.000,33539,1,BV,1,100,3.71
640449.423965,640449.423948,1673974946.107490,218057.000,33706,1,BV,1,100,3.71
640450.422858,640450.422841,1673974947.106354,219025.000,33859,1,BV,1,100,3.71
640451.418655,640451.418638,1673974948.102122,219990.000,34015,1,BV,1,100,3.72
640452.421676,640452.421659,1673974949.105114,220962.000,34184,1,BV,1,100,3.72
640453.417473,640453.417456,1673974950.100882,221927.000,34337,1,BV,1,100,3.72
640454.417398,640454.417380,1673974951.100778,222896.000,34503,1,BV,1,100,3.72
640455.411131,640455.411114,1673974952.094482,223859.000,34655,1,BV,1,100,3.71
640456.407960,640456.407943,1673974953.091282,224825.000,34824,1,BV,1,100,3.72
640457.402726,640457.402708,1673974954.086018,225789.000,34979,1,BV,1,100,3.72
640458.404714,640458.404696,1673974955.087978,226760.000,35130,1,BV,1,100,3.72
640459.405671,640459.405653,1673974956.088905,227730.000,35300,1,BV,1,100,3.72
640460.404564,640460.404546,1673974957.087769,228698.000,35449,1,BV,1,100,3.72
640461.405521,640461.405503,1673974958.088697,229668.000,35619,1,BV,1,100,3.72
640462.407509,640462.407491,1673974959.090656,230639.000,35778,1,BV,1,100,3.71
640463.406402,640463.406384,1673974960.089520,231607.000,35927,1,BV,1,100,3.71
640464.404263,640464.404245,1673974961.087352,232574.000,36097,1,BV,1,100,3.71
640465.399028,640465.399010,1673974962.082088,233538.000,36248,1,BV,1,100,3.71
640466.395857,640466.395839,1673974963.078888,234504.000,36415,1,BV,1,100,3.72
640467.394750,640467.394732,1673974964.077752,235472.000,36572,1,BV,1,100,3.72
640468.395707,640468.395689,1673974965.078680,236442.000,36723,1,BV,1,100,3.72
640469.393568,640469.393550,1673974966.076512,237409.000,36890,1,BV,1,100,3.72
640470.393493,640470.393474,1673974967.076407,238378.000,37042,1,BV,1,100,3.72
640471.392386,640471.392367,1673974968.075271,239346.000,37212,1,BV,1,100,3.72
640472.391279,640472.391260,1673974969.074135,240314.000,37383,1,BV,1,100,3.72
640473.389140,640473.389121,1673974970.071967,241281.000,37535,1,BV,1,100,3.71
640474.385969,640474.385950,1673974971.068767,242247.000,37688,1,BV,1,100,3.71
640475.378670,640475.378651,1673974972.061440,243209.000,37854,1,BV,1,100,3.72
640476.379627,640476.379608,1673974973.062367,244179.000,38008,1,BV,1,100,3.71
640477.377488,640477.377469,1673974974.060199,245146.000,38175,1,BV,1,100,3.71
640478.379477,640478.379458,1673974975.062158,246117.000,38332,1,BV,1,100,3.72
640479.378369,640479.378350,1673974976.061022,247085.000,38483,1,BV,1,100,3.72
640480.376230,640480.376211,1673974977.058854,248052.000,38653,1,BV,1,100,3.72
640481.374091,640481.374072,1673974978.056686,249019.000,38802,1,BV,1,100,3.72
640482.374016,640482.373997,1673974979.056582,249988.000,38972,1,BV,1,100,3.72
640483.368781,640483.368762,1673974980.051318,250952.000,39130,1,BV,1,100,3.72
640484.365611,640484.365591,1673974981.048118,251918.000,39281,1,BV,1,100,3.72
640485.361408,640485.361388,1673974982.043886,252883.000,39432,1,BV,1,100,3.72
640486.362364,640486.362345,1673974983.044814,253853.000,39602,1,BV,1,100,3.72
640487.363321,640487.363302,1673974984.045741,254823.000,39751,1,BV,1,100,3.72
640488.365310,640488.365290,1673974985.047701,255794.000,39909,1,BV,1,100,3.71
640489.368330,640489.368311,1673974986.050692,256766.000,40078,1,BV,1,100,3.72
640490.365159,640490.365140,1673974987.047492,257732.000,40226,1,BV,1,100,3.72
640491.367148,640491.367128,1673974988.049452,258703.000,40396,1,BV,1,100,3.72
640492.362945,640492.362925,1673974989.045220,259668.000,40565,1,BV,1,100,3.72
640493.357711,640493.357691,1673974990.039956,260632.000,40715,1,BV,1,100,3.71
640494.357635,640494.357615,1673974991.039852,261601.000,40874,1,BV,1,100,3.71
640495.353432,640495.353412,1673974992.035620,262566.000,41026,1,BV,1,100,3.72
640496.353357,640496.353337,1673974993.035516,263535.000,41193,1,BV,1,100,3.71
640497.350186,640497.350166,1673974994.032316,264501.000,41344,1,BV,1,100,3.72
640498.354239,640498.354219,1673974995.036339,265474.000,41514,1,BV,1,100,3.71
640499.353132,640499.353112,1673974996.035203,266442.000,41669,1,BV,1,100,3.71
640500.349961,640500.349941,1673974997.032003,267408.000,41820,1,BV,1,100,3.71
640501.348854,640501.348833,1673974998.030867,268376.000,41990,1,BV,1,100,3.71
640502.343619,640502.343599,1673974999.025603,269340.000,42139,1,BV,1,100,3.71
640503.339416,640503.339396,1673975000.021371,270305.000,42309,1,BV,1,100,3.71
640504.340373,640504.340352,1673975001.022299,271275.000,42468,1,BV,1,100,3.71
640505.338234,640505.338213,1673975002.020131,272242.000,42617,1,BV,1,100,3.71
640506.339191,640506.339170,1673975003.021058,273212.000,42787,1,BV,1,100,3.71
640507.334988,640507.334967,1673975004.016826,274177.000,42938,1,BV,1,100,3.71
640508.338008,640508.337988,1673975005.019818,275149.000,43105,1,BV,1,100,3.72
640509.334837,640509.334817,1673975006.016618,276115.000,43257,1,BV,1,100,3.71
640510.333730,640510.333709,1673975007.015482,277083.000,43414,1,BV,1,100,3.71
640511.328496,640511.328475,1673975008.010218,278047.000,43581,1,BV,1,100,3.71
640512.323261,640512.323240,1673975009.004954,279011.000,43733,1,BV,1,100,3.72
640513.322154,640513.322133,1673975010.003818,279979.000,43903,1,BV,1,100,3.71
640514.321047,640514.321025,1673975011.002682,280947.000,44051,1,BV,1,100,3.71
640515.320971,640515.320950,1673975012.002578,281916.000,44225,1,BV,1,100,3.71
640516.318832,640516.318811,1673975013.000409,282883.000,44379,1,BV,1,100,3.71
640517.318757,640517.318736,1673975014.000305,283852.000,44543,1,BV,1,100,3.71
640518.319714,640518.319693,1673975015.001233,284822.000,44694,1,BV,1,100,3.71
640519.315511,640519.315490,1673975015.997001,285787.000,44864,1,BV,1,100,3.72
640520.316468,640520.316446,1673975016.997928,286757.000,45021,1,BV,1,100,3.71
640521.312265,640521.312243,1673975017.993697,287722.000,45172,1,BV,1,100,3.71
640522.309094,640522.309072,1673975018.990497,288688.000,45342,1,BV,1,100,3.71
640523.302827,640523.302806,1673975019.984201,289651.000,45492,1,BV,1,100,3.71
640524.305848,640524.305826,1673975020.987192,290623.000,45661,1,BV,1,100,3.71
640525.302677,640525.302655,1673975021.983992,291589.000,45812,1,BV,1,100,3.71
640526.299506,640526.299484,1673975022.980793,292555.000,45970,1,BV,1,100,3.71
640527.302527,640527.302505,1673975023.983784,293527.000,46137,1,BV,1,100,3.71
640528.300388,640528.300366,1673975024.981616,294494.000,46289,1,BV,1,100,3.71
640529.293089,640529.293067,1673975025.974288,295456.000,46455,1,BV,1,100,3.71
640530.295078,640530.295056,1673975026.976248,296427.000,46607,1,BV,1,100,3.71
640531.288811,640531.288789,1673975027.969952,297390.000,46767,1,BV,1,100,3.71
640532.285640,640532.285618,1673975028.966752,298356.000,46916,1,BV,1,100,3.71
640533.281437,640533.281415,1673975029.962520,299321.000,47086,1,BV,1,100,3.71
640534.286522,640534.286499,1673975030.967576,300295.000,47255,1,BV,1,100,3.71
640535.284383,640535.284360,1673975031.965407,301262.000,47404,1,BV,1,100,3.71
640536.281212,640536.281189,1673975032.962208,302228.000,47544,1,BV,1,100,3.71
640537.285264,640537.285242,1673975033.966231,303201.000,47714,1,BV,1,100,3.71
640538.283125,640538.283103,1673975034.964063,304168.000,47862,1,BV,1,100,3.71
640539.280986,640539.280964,1673975035.961895,305135.000,48032,1,BV,1,100,3.71
640540.275751,640540.275729,1673975036.956631,306099.000,48201,1,BV,1,100,3.71
640541.272581,640541.272558,1673975037.953431,307065.000,48357,1,BV,1,100,3.71
640542.268378,640542.268355,1673975038.949199,308030.000,48509,1,BV,1,100,3.71
640543.266239,640543.266216,1673975039.947031,308997.000,48661,1,BV,1,100,3.71
640544.269259,640544.269236,1673975040.950022,309969.000,48828,1,BV,1,100,3.71
640545.267120,640545.267097,1673975041.947854,310936.000,48996,1,BV,1,100,3.71
640546.267045,640546.267022,1673975042.947750,311905.000,49149,1,BV,1,100,3.71
640547.265938,640547.265915,1673975043.946614,312873.000,49303,1,BV,1,100,3.71
640548.261735,640548.261712,1673975044.942382,313838.000,49454,1,BV,1,100,3.71
640549.260628,640549.260605,1673975045.941246,314806.000,49624,1,BV,1,100,3.71
640550.256425,640550.256402,1673975046.937014,315771.000,49773,1,BV,1,100,3.71
640551.249127,640551.249103,1673975047.929686,316733.000,49943,1,BV,1,100,3.71
640552.248019,640552.247996,1673975048.928550,317701.000,50101,1,BV,1,100,3.71
640553.248976,640553.248953,1673975049.929478,318671.000,50250,1,BV,1,100,3.71
640554.249933,640554.249909,1673975050.930405,319641.000,50420,1,BV,1,100,3.71
640555.245730,640555.245706,1673975051.926173,320606.000,50571,1,BV,1,100,3.71
640556.247719,640556.247695,1673975052.928133,321577.000,50738,1,BV,1,100,3.71
640557.245580,640557.245556,1673975053.925965,322544.000,50881,1,BV,1,100,3.71
640558.243441,640558.243417,1673975054.923797,323511.000,51050,1,BV,1,100,3.71
640559.238206,640559.238182,1673975055.918533,324475.000,51199,1,BV,1,100,3.71
640560.232971,640560.232947,1673975056.913270,325439.000,51369,1,BV,1,100,3.71
640561.228768,640561.228744,1673975057.909038,326404.000,51520,1,BV,1,100,3.71
640562.226629,640562.226605,1673975058.906869,327371.000,51687,1,BV,1,100,3.71
640563.230682,640563.230658,1673975059.910893,328344.000,51844,1,BV,1,100,3.71
640564.231639,640564.231614,1673975060.911820,329314.000,52013,1,BV,1,100,3.71
640565.231563,640565.231539,1673975061.911716,330283.000,52162,1,BV,1,100,3.71
640566.230456,640566.230432,1673975062.910580,331251.000,52331,1,BV,1,100,3.71
640567.231413,640567.231389,1673975063.911507,332221.000,52483,1,BV,1,100,3.71
640568.227210,640568.227186,1673975064.907276,333186.000,52641,1,BV,1,100,3.71
640569.221975,640569.221951,1673975065.902012,334150.000,52792,1,BV,1,100,3.71
640570.219836,640570.219812,1673975066.899844,335117.000,52962,1,BV,1,100,3.71
640571.219761,640571.219737,1673975067.899740,336086.000,53126,1,BV,1,100,3.71
640572.217622,640572.217598,1673975068.897571,337053.000,53279,1,BV,1,100,3.71
640573.217547,640573.217522,1673975069.897467,338022.000,53438,1,BV,1,100,3.71
640574.219536,640574.219511,1673975070.899427,338993.000,53604,1,BV,1,100,3.71
640575.214301,640575.214276,1673975071.894163,339957.000,53757,1,BV,1,100,3.71
640576.214226,640576.214201,1673975072.894058,340926.000,53926,1,BV,1,100,3.71
640577.212087,640577.212062,1673975073.891891,341893.000,54074,1,BV,1,100,3.71
640578.206852,640578.206827,1673975074.886627,342857.000,54244,1,BV,1,100,3.71
640579.201617,640579.201592,1673975075.881363,343821.000,54386,1,BV,1,100,3.71
640580.196383,640580.196357,1673975076.876099,344785.000,54553,1,BV,1,100,3.71
640581.196307,640581.196282,1673975077.875995,345754.000,54705,1,BV,1,100,3.71
640582.196232,640582.196207,1673975078.875891,346723.000,54875,1,BV,1,100,3.71
640583.198221,640583.198195,1673975079.877850,347694.000,55023,1,BV,1,100,3.71
640584.200209,640584.200184,1673975080.879810,348665.000,55182,1,BV,1,100,3.71
640585.194975,640585.194949,1673975081.874546,349629.000,55334,1,BV,1,100,3.71
640586.197995,640586.197970,1673975082.877537,350601.000,55501,1,BV,1,100,3.71
640587.191729,640587.191703,1673975083.871242,351564.000,55668,1,BV,1,100,3.71
640588.186494,640588.186468,1673975084.865978,352528.000,55820,1,BV,1,100,3.71
640589.184355,640589.184329,1673975085.863810,353495.000,55976,1,BV,1,100,3.71
640590.181184,640590.181158,1673975086.860610,354461.000,56127,1,BV,1,100,3.71
640591.181109,640591.181083,1673975087.860506,355430.000,56297,1,BV,1,100,3.71
640592.177938,640592.177912,1673975088.857306,356396.000,56463,1,BV,1,100,3.71
640593.184054,640593.184028,1673975089.863393,357371.000,56598,1,BV,1,100,3.71
640594.185011,640594.184985,1673975090.864320,358341.000,56757,1,BV,1,100,3.71
640595.181840,640595.181814,1673975091.861120,359307.000,56907,1,BV,1,100,3.71
640596.181765,640596.181739,1673975092.861016,360276.000,57058,1,BV,1,100,3.71
640597.175498,640597.175472,1673975093.854720,361239.000,57228,1,BV,1,100,3.71
640598.171295,640598.171269,1673975094.850489,362204.000,57379,1,BV,1,100,3.71
640599.169156,640599.169130,1673975095.848320,363171.000,57547,1,BV,1,100,3.71
640600.168049,640600.168023,1673975096.847184,364139.000,57688,1,BV,1,100,3.71
640601.166942,640601.166916,1673975097.846048,365107.000,57854,1,BV,1,100,3.71
640602.163771,640602.163745,1673975098.842848,366073.000,58006,1,BV,1,100,3.71
640603.165760,640603.165733,1673975099.844808,367044.000,58176,1,BV,1,100,3.71
640604.164653,640604.164626,1673975100.843672,368012.000,58342,1,BV,1,100,3.71
640605.163546,640605.163519,1673975101.842535,368980.000,58483,1,BV,1,100,3.71
640606.160375,640606.160348,1673975102.839335,369946.000,58635,1,BV,1,100,3.71
640607.153076,640607.153049,1673975103.832008,370908.000,58802,1,BV,1,100,3.71
640608.151969,640608.151942,1673975104.830872,371876.000,58971,1,BV,1,100,3.71
640609.149830,640609.149803,1673975105.828704,372843.000,59123,1,BV,1,100,3.71
640610.148723,640610.148696,1673975106.827567,373811.000,59263,1,BV,1,100,3.71
640611.145552,640611.145525,1673975107.824368,374777.000,59433,1,BV,1,100,3.71
640612.148572,640612.148545,1673975108.827359,375749.000,59602,1,BV,1,100,3.71
640613.148497,640613.148470,1673975109.827255,376718.000,59750,1,BV,1,100,3.71
640614.146358,640614.146331,1673975110.825086,377685.000,59920,1,BV,1,100,3.71
640615.147315,640615.147288,1673975111.826014,378655.000,60072,1,BV,1,100,3.71
640616.142080,640616.142053,1673975112.820750,379619.000,60229,1,BV,1,100,3.71
640617.137877,640617.137850,1673975113.816519,380584.000,60381,1,BV,1,100,3.71
640618.132643,640618.132615,1673975114.811255,381548.000,60551,1,BV,1,100,3.71
640619.134631,640619.134604,1673975115.813214,382519.000,60699,1,BV,1,100,3.71
640620.133524,640620.133497,1673975116.812078,383487.000,60869,1,BV,1,100,3.71
640621.129321,640621.129294,1673975117.807846,384452.000,61010,1,BV,1,100,3.71
640622.133374,640622.133346,1673975118.811869,385425.000,61177,1,BV,1,100,3.71
640623.129171,640623.129143,1673975119.807637,386390.000,61328,1,BV,1,100,3.71
640624.124968,640624.124940,1673975120.803406,387355.000,61498,1,BV,1,100,3.71
640625.124893,640625.124865,1673975121.803301,388324.000,61647,1,BV,1,100,3.71
640626.119658,640626.119630,1673975122.798038,389288.000,61808,1,BV,1,100,3.71
640627.115455,640627.115427,1673975123.793806,390253.000,61959,1,BV,1,100,3.71
640628.110221,640628.110193,1673975124.788542,391217.000,62126,1,BV,1,100,3.71
640629.112209,640629.112181,1673975125.790502,392188.000,62277,1,BV,1,100,3.71
640630.110070,640630.110042,1673975126.788333,393155.000,62428,1,BV,1,100,3.71
640631.107931,640631.107903,1673975127.786165,394122.000,62601,1,BV,1,100,3.71
640632.111984,640632.111955,1673975128.790189,395095.000,62753,1,BV,1,100,3.71
640633.108813,640633.108784,1673975129.786989,396061.000,62906,1,BV,1,100,3.71
640634.108738,640634.108709,1673975130.786885,397030.000,63072,1,BV,1,100,3.71
640635.105567,640635.105538,1673975131.783684,397996.000,63224,1,BV,1,100,3.71
640636.100332,640636.100303,1673975132.778421,398960.000,63393,1,BV,1,100,3.71
640637.096129,640637.096101,1673975133.774189,399925.000,63546,1,BV,1,100,3.71
640638.095022,640638.094993,1673975134.773053,400893.000,63697,1,BV,1,100,3.71
640639.097011,640639.096982,1673975135.775012,401864.000,63867,1,BV,1,100,3.70
640640.094872,640640.094843,1673975136.772844,402831.000,64016,1,BV,1,100,3.70
640641.094796,640641.094768,1673975137.772740,403800.000,64186,1,BV,1,100,3.70
640642.096785,640642.096756,1673975138.774699,404771.000,64345,1,BV,1,100,3.71
640643.091550,640643.091521,1673975139.769436,405735.000,64494,1,BV,1,100,3.70
640644.091475,640644.091446,1673975140.769331,406704.000,64664,1,BV,1,100,3.71
640645.089336,640645.089307,1673975141.767163,407671.000,64812,1,BV,1,100,3.70
640646.083069,640646.083040,1673975142.760868,408634.000,64982,1,BV,1,100,3.71
640647.077835,640647.077806,1673975143.755604,409598.000,65140,1,BV,1,100,3.71
640648.078791,640648.078762,1673975144.756531,410568.000,65294,1,BV,1,100,3.71
640649.077684,640649.077655,1673975145.755395,411536.000,65458,1,BV,1,100,3.71
640650.078641,640650.078612,1673975146.756323,412506.000,74,1,BV,1,100,3.71
640651.076502,640651.076473,1673975147.754155,413473.000,244,1,BV,1,100,3.71
640652.078491,640652.078461,1673975148.756114,414444.000,392,1,BV,1,100,3.71
640653.077384,640653.077354,1673975149.754978,415412.000,567,1,BV,1,100,3.71
640654.074213,640654.074183,1673975150.751778,416378.000,717,1,BV,1,100,3.71
640655.068978,640655.068948,1673975151.746514,417342.000,886,1,BV,1,100,3.71
